ID,Gender,Ever_Married,Age,Graduated,Profession,Work_Experience,Spending_Score,Family_Size,Var_1,Segmentation
458989,0,1,36,1,2,0.0,2,1.0,5,B
458994,1,1,37,1,5,8.0,0,4.0,5,B
458996,0,1,69,0,5,0.0,2,1.0,5,B
459000,1,1,59,0,4,11.0,1,2.0,5,B
459001,0,0,19,0,8,0.0,2,4.0,5,B
459003,1,1,47,1,1,0.0,1,5.0,3,B
459005,1,1,61,1,1,5.0,2,3.0,5,B
459008,0,1,47,1,0,1.0,0,3.0,5,B
459013,1,1,50,1,0,2.0,0,4.0,5,B
459014,1,0,19,0,5,0.0,2,4.0,5,B
459015,1,0,22,0,5,0.0,2,3.0,5,B
459016,0,0,22,0,5,0.0,2,6.0,5,B
459024,1,1,50,1,0,1.0,0,5.0,5,B
459026,1,0,27,0,5,8.0,2,3.0,2,B
459032,1,0,18,0,1,0.0,2,3.0,5,B
459033,0,1,61,1,0,0.0,2,1.0,5,B
459036,0,1,20,1,7,1.0,0,3.0,2,B
459039,1,1,45,1,0,1.0,0,2.0,5,B
459041,1,1,55,1,0,8.0,2,1.0,5,B
459045,0,1,88,1,7,1.0,0,4.0,5,B
459056,1,1,63,0,4,0.0,1,3.0,5,B
459057,1,1,69,0,7,0.0,1,4.0,5,B
459058,1,0,42,1,0,0.0,2,4.0,2,B
459059,1,1,79,0,4,9.0,1,2.0,5,B
459061,0,1,35,1,5,9.0,1,3.0,5,B
459064,1,1,27,0,4,5.0,1,4.0,5,B
459065,1,1,52,1,2,0.0,2,2.0,5,B
459074,0,0,29,1,5,0.0,2,4.0,3,B
459077,0,1,79,0,7,1.0,1,2.0,5,B
459079,1,1,87,1,7,1.0,1,2.0,5,B
459080,1,1,89,0,7,1.0,2,2.0,5,B
459083,1,1,63,1,0,9.0,0,3.0,5,B
459090,1,0,31,0,0,1.0,2,2.0,5,B
459091,1,1,72,1,0,1.0,0,6.0,0,B
459093,0,1,41,1,1,9.0,0,2.0,5,B
459100,0,0,61,1,0,11.0,2,1.0,5,B
459106,1,1,62,1,0,0.0,2,2.0,5,B
459114,1,1,56,1,0,1.0,0,2.0,5,B
459116,1,1,60,1,0,2.0,0,5.0,5,B
459117,1,1,68,1,0,0.0,1,2.0,5,B
459118,1,0,19,0,5,8.0,2,8.0,5,B
459119,1,1,57,1,4,8.0,1,3.0,5,B
459120,1,0,19,0,5,5.0,2,5.0,1,B
459121,0,1,51,1,0,3.0,0,6.0,5,B
459123,0,1,86,0,0,1.0,1,2.0,5,B
459130,0,1,74,0,7,1.0,1,2.0,5,B
459132,1,0,23,0,3,6.0,2,2.0,5,B
459136,1,1,47,1,0,0.0,0,2.0,5,B
459140,0,0,19,0,5,7.0,2,6.0,5,B
459143,1,1,50,0,0,0.0,1,4.0,5,B
459144,1,1,80,1,7,0.0,1,2.0,5,B
459145,1,1,78,0,7,0.0,2,1.0,1,B
459150,0,0,48,1,1,0.0,2,1.0,5,B
459160,1,1,70,1,1,1.0,0,2.0,5,B
459161,1,1,50,1,4,3.0,1,5.0,5,B
459162,0,1,83,1,7,0.0,1,2.0,5,B
459163,1,0,35,1,3,0.0,2,1.0,5,B
459167,0,0,36,1,0,0.0,2,2.0,4,B
459170,0,0,35,1,0,1.0,2,1.0,5,B
459171,1,1,35,1,0,0.0,0,2.0,5,B
459172,1,0,18,0,5,3.0,2,3.0,1,B
459175,0,1,73,1,0,1.0,0,2.0,5,B
459181,1,1,62,0,0,1.0,1,3.0,5,B
459182,0,1,46,1,0,1.0,0,2.0,5,B
459184,1,1,43,1,3,0.0,2,4.0,3,B
459185,0,0,32,1,3,7.0,2,1.0,5,B
459193,1,0,39,1,0,0.0,2,1.0,5,B
459194,0,1,89,1,7,0.0,1,2.0,5,B
459196,0,0,18,0,5,0.0,2,3.0,3,B
459208,0,1,57,1,0,0.0,1,2.0,2,B
459209,0,0,18,0,3,0.0,2,4.0,5,B
459210,0,1,71,1,0,1.0,1,2.0,5,B
459212,0,1,69,1,0,0.0,0,2.0,5,B
459213,0,0,42,1,5,0.0,2,4.0,5,B
459216,0,0,36,1,0,0.0,2,2.0,5,B
459220,0,1,80,1,7,1.0,1,2.0,5,B
459221,1,1,69,0,3,0.0,2,1.0,5,B
459222,0,1,67,1,0,0.0,0,3.0,5,B
459223,0,1,47,1,1,1.0,0,4.0,5,B
459224,0,1,49,1,0,0.0,0,2.0,5,B
459227,0,1,32,0,2,9.0,2,4.0,5,B
459229,0,1,65,1,7,1.0,0,4.0,5,B
459236,0,1,78,0,7,0.0,1,2.0,5,B
459237,1,0,33,1,0,1.0,2,6.0,5,B
459244,1,1,48,1,0,1.0,2,1.0,5,B
459247,1,1,58,1,4,1.0,0,5.0,5,B
459258,0,1,83,1,7,1.0,1,4.0,5,B
459263,0,0,30,0,5,9.0,2,4.0,5,B
459264,0,0,35,1,0,0.0,2,2.0,5,B
459266,1,0,32,1,5,6.0,2,5.0,5,B
459270,1,1,69,1,6,1.0,1,2.0,5,B
459284,0,1,71,1,7,1.0,1,2.0,5,B
459287,1,0,43,1,7,0.0,2,1.0,3,B
459288,1,1,37,1,0,0.0,2,2.0,5,B
459289,1,0,42,1,1,0.0,2,1.0,5,B
459290,0,1,70,1,1,1.0,0,2.0,5,B
459292,1,0,46,1,0,0.0,2,2.0,5,B
459293,1,0,21,0,5,0.0,2,2.0,0,B
459296,1,1,70,1,0,0.0,0,2.0,5,B
459300,0,1,61,1,0,1.0,2,1.0,5,B
459307,1,1,60,1,3,1.0,2,1.0,5,B
459310,1,0,37,1,3,0.0,2,2.0,1,B
459316,1,1,30,1,5,1.0,2,2.0,5,B
459318,0,0,32,1,2,1.0,2,3.0,5,B
459320,1,1,26,1,4,0.0,2,3.0,5,B
459322,1,0,42,1,8,0.0,2,1.0,5,B
459323,0,0,18,0,1,8.0,2,2.0,5,B
459338,1,1,80,0,4,8.0,2,2.0,5,B
459339,1,1,29,1,5,8.0,1,2.0,5,B
459344,0,1,88,1,0,1.0,1,2.0,5,B
459347,1,1,70,1,7,1.0,2,1.0,5,B
459349,0,1,50,1,0,1.0,1,4.0,5,B
459352,1,1,43,1,1,4.0,0,4.0,2,B
459353,1,1,51,1,0,6.0,0,2.0,5,B
459354,0,1,50,1,0,0.0,1,3.0,5,B
459355,0,1,74,0,6,0.0,2,1.0,5,B
459360,0,0,29,1,5,0.0,2,3.0,5,B
459361,0,0,32,1,2,0.0,2,2.0,5,B
459362,1,1,60,0,4,0.0,2,2.0,5,B
459363,1,0,46,1,0,2.0,2,1.0,5,B
459364,0,1,81,1,8,0.0,2,2.0,5,B
459369,1,1,41,0,2,0.0,0,7.0,3,B
459375,1,1,22,0,4,0.0,1,4.0,5,B
459377,1,1,37,1,0,0.0,0,3.0,5,B
459383,1,1,43,0,2,0.0,2,1.0,5,B
459384,1,1,50,1,0,1.0,0,3.0,5,B
459385,0,1,35,1,0,1.0,0,2.0,6,B
459386,1,1,65,0,7,1.0,1,2.0,5,B
459391,0,0,41,1,2,0.0,2,4.0,5,B
459394,1,0,28,0,3,8.0,2,2.0,5,B
459397,1,1,55,1,0,4.0,0,2.0,5,B
459398,0,1,58,0,7,1.0,1,2.0,5,B
459401,1,0,28,0,5,1.0,2,3.0,6,B
459403,1,1,48,1,0,1.0,0,4.0,6,B
459405,0,1,78,0,1,1.0,1,2.0,5,B
459407,0,0,35,1,1,1.0,2,3.0,5,B
459409,0,1,76,1,7,0.0,1,2.0,5,B
459410,0,1,88,1,7,1.0,1,2.0,5,B
459412,1,1,61,1,7,1.0,0,3.0,5,B
459413,0,1,79,1,0,0.0,1,2.0,5,B
459415,1,0,30,0,1,0.0,2,4.0,5,B
459418,1,1,69,0,4,0.0,1,2.0,5,B
459419,1,1,65,1,1,1.0,0,2.0,5,B
459420,0,1,70,1,7,1.0,2,2.0,5,B
459421,1,1,32,0,5,0.0,0,4.0,5,B
459422,1,1,46,1,3,8.0,2,4.0,5,B
459423,1,0,21,0,5,8.0,2,5.0,5,B
459424,1,1,47,1,1,0.0,2,3.0,5,B
459428,0,0,39,0,8,0.0,2,2.0,3,B
459432,1,1,85,1,7,0.0,2,3.0,5,B
459436,0,0,66,1,0,0.0,2,2.0,5,B
459439,0,1,50,1,0,1.0,0,2.0,5,B
459445,0,1,42,1,0,0.0,0,3.0,5,B
459447,1,1,53,1,0,9.0,2,1.0,5,B
459449,1,1,37,1,0,1.0,2,2.0,5,B
459451,0,1,45,1,0,1.0,2,2.0,5,B
459456,0,0,66,0,7,4.0,2,1.0,5,B
459458,1,0,33,0,8,4.0,2,1.0,5,B
459459,1,1,40,1,0,4.0,2,1.0,5,B
459461,0,1,35,1,0,1.0,2,1.0,0,B
459464,1,0,27,1,0,0.0,2,2.0,5,B
459466,0,1,48,1,0,0.0,0,3.0,3,B
459467,0,1,56,1,0,0.0,0,2.0,5,B
459469,1,1,25,1,5,7.0,2,6.0,5,B
459471,0,0,30,0,0,7.0,2,8.0,5,B
459480,0,1,46,1,3,7.0,2,3.0,5,B
459481,1,1,49,0,7,0.0,2,2.0,5,B
459482,1,1,72,0,8,1.0,2,4.0,5,B
459485,0,1,79,1,7,0.0,1,2.0,5,B
459496,0,0,35,1,0,0.0,2,3.0,5,B
459497,0,1,77,1,7,0.0,2,1.0,5,B
459499,0,1,79,0,7,6.0,1,2.0,5,B
459503,1,1,42,1,5,6.0,1,4.0,5,B
459505,0,0,42,1,2,1.0,2,1.0,5,B
459507,1,1,67,0,7,1.0,1,2.0,0,B
459509,1,0,26,1,5,1.0,2,1.0,5,B
459512,1,1,67,1,7,1.0,1,2.0,5,B
459515,1,1,55,1,2,1.0,2,1.0,5,B
459516,0,1,56,1,0,8.0,0,2.0,5,B
459518,1,1,63,1,0,8.0,0,4.0,5,B
459535,1,1,46,1,0,8.0,0,2.0,5,B
459536,1,1,32,1,5,7.0,2,2.0,5,B
459538,0,0,49,1,6,13.0,2,1.0,5,B
459541,1,1,59,1,0,1.0,1,2.0,5,B
459549,1,0,22,0,5,8.0,2,5.0,3,B
459555,0,0,28,1,0,8.0,2,1.0,5,B
459558,1,0,28,1,3,1.0,2,3.0,5,B
459564,1,1,75,1,7,2.0,2,1.0,5,B
459566,0,1,37,1,0,13.0,2,2.0,5,B
459567,1,1,50,1,1,0.0,0,2.0,5,B
459571,0,1,50,1,4,1.0,1,4.0,5,B
459576,0,1,88,0,7,3.0,2,5.0,3,B
459579,0,1,35,1,0,3.0,0,5.0,3,B
459581,0,0,35,0,0,0.0,2,3.0,6,B
459582,1,1,31,0,3,0.0,0,3.0,5,B
459583,1,1,46,1,0,0.0,2,1.0,5,B
459585,0,1,50,1,0,1.0,0,4.0,5,B
459587,0,0,33,1,0,7.0,2,3.0,5,B
459588,1,1,49,1,0,0.0,2,1.0,5,B
459591,1,1,52,1,0,1.0,0,3.0,5,B
459592,1,0,25,0,5,0.0,2,3.0,5,B
459594,0,1,41,1,0,6.0,2,1.0,5,B
459597,0,1,68,1,0,0.0,1,2.0,5,B
459603,0,1,79,0,7,2.0,1,2.0,5,B
459607,1,1,40,1,3,5.0,0,5.0,5,B
459608,0,0,62,1,1,1.0,2,1.0,5,B
459612,1,0,21,0,5,1.0,2,2.0,5,B
459616,0,0,20,0,5,1.0,2,4.0,0,B
459617,1,0,28,1,3,1.0,2,5.0,5,B
459618,1,1,57,1,1,0.0,0,2.0,3,B
459621,0,0,25,0,5,8.0,2,1.0,5,B
459625,0,1,63,0,2,8.0,2,1.0,5,B
459626,0,1,26,0,3,1.0,2,3.0,5,B
459632,0,1,50,0,8,0.0,1,3.0,3,B
459644,0,0,30,0,8,9.0,2,4.0,1,B
459652,0,0,26,0,2,1.0,2,4.0,3,B
459658,1,1,61,1,0,1.0,0,3.0,5,B
459664,1,0,42,1,0,3.0,2,1.0,5,B
459665,1,1,88,1,0,4.0,2,2.0,5,B
459672,1,1,45,0,0,3.0,0,3.0,5,B
459673,0,1,86,1,7,1.0,2,1.0,5,B
459678,1,0,18,0,5,1.0,2,5.0,5,B
459680,1,0,37,1,3,1.0,2,1.0,5,B
459686,1,1,46,1,0,1.0,2,1.0,5,B
459691,1,1,58,0,0,8.0,0,2.0,5,B
459692,0,1,72,1,7,8.0,1,2.0,5,B
459693,0,1,50,1,0,0.0,1,3.0,5,B
459699,0,1,56,1,2,8.0,0,3.0,5,B
459701,1,0,46,0,0,3.0,2,3.0,4,B
459710,1,1,57,1,0,9.0,2,1.0,5,B
459711,1,1,42,0,4,9.0,1,6.0,5,B
459712,1,0,20,0,5,4.0,2,4.0,5,B
459713,1,0,19,0,5,4.0,2,3.0,5,B
459715,1,0,19,0,5,4.0,2,4.0,5,B
459718,1,1,68,1,4,1.0,2,1.0,5,B
459725,0,1,40,1,0,0.0,2,2.0,5,B
459727,1,1,82,0,7,1.0,1,2.0,5,B
459740,0,0,23,0,5,1.0,2,3.0,5,B
459742,0,1,84,0,7,1.0,1,2.0,5,B
459745,1,1,51,0,0,0.0,2,4.0,0,B
459746,1,1,59,1,0,1.0,0,2.0,5,B
459747,0,1,41,1,0,1.0,0,5.0,5,B
459748,1,1,51,0,4,1.0,1,2.0,5,B
459755,0,1,62,0,0,1.0,0,3.0,5,B
459756,0,1,62,0,7,1.0,1,4.0,3,B
459760,0,1,38,1,0,8.0,2,1.0,5,B
459763,1,0,18,0,0,3.0,2,4.0,3,B
459767,1,0,22,0,5,3.0,2,4.0,5,B
459771,0,0,30,1,1,0.0,2,3.0,2,B
459779,0,1,62,1,3,1.0,2,1.0,5,B
459780,0,0,43,0,3,1.0,2,3.0,5,B
459785,0,0,32,1,2,1.0,2,1.0,2,B
459793,1,1,37,1,0,1.0,1,1.0,5,B
459795,1,0,48,1,0,1.0,2,1.0,5,B
459801,0,0,31,1,2,4.0,2,2.0,5,B
459804,1,1,46,0,0,4.0,1,4.0,5,B
459806,0,1,49,0,2,1.0,0,4.0,5,B
459808,1,1,43,0,1,8.0,0,4.0,5,B
459815,1,0,42,1,0,8.0,2,1.0,5,B
459816,1,1,37,1,1,1.0,2,2.0,5,B
459819,1,1,72,1,3,1.0,1,2.0,5,B
459821,1,1,71,0,4,1.0,1,1.0,3,B
459822,0,0,39,1,2,1.0,2,1.0,3,B
459825,1,0,20,0,5,0.0,2,5.0,1,B
459827,0,0,26,0,5,1.0,2,1.0,6,B
459832,1,1,72,1,4,1.0,2,1.0,5,B
459845,1,1,70,1,5,0.0,2,1.0,3,B
459851,1,0,45,1,0,2.0,2,1.0,5,B
459853,1,0,33,0,4,7.0,2,5.0,5,B
459856,1,1,50,0,3,0.0,0,3.0,5,B
459857,1,0,31,1,3,6.0,2,1.0,5,B
459861,0,1,74,0,7,1.0,1,2.0,5,B
459864,0,1,68,0,0,0.0,1,2.0,5,B
459866,0,0,49,1,0,0.0,2,1.0,5,B
459867,1,1,49,1,8,0.0,1,2.0,5,B
459869,0,0,18,0,5,1.0,2,3.0,5,B
459871,0,1,85,0,3,2.0,0,2.0,5,B
459885,0,0,38,1,3,0.0,2,4.0,5,B
459886,1,1,28,0,0,0.0,2,4.0,5,B
459887,1,1,46,0,0,3.0,0,2.0,5,B
459889,1,1,59,1,6,9.0,0,3.0,5,B
459897,0,1,56,1,0,0.0,2,2.0,5,B
459909,1,1,69,1,0,0.0,2,1.0,5,B
459910,1,1,66,1,0,0.0,2,2.0,5,B
459911,1,0,18,0,5,4.0,2,6.0,1,B
459914,1,0,36,1,0,4.0,2,1.0,3,B
459923,1,0,31,1,8,1.0,2,2.0,2,B
459925,1,1,67,0,4,1.0,1,2.0,3,B
459937,0,0,39,1,0,7.0,2,1.0,5,B
459943,1,0,42,1,3,4.0,2,3.0,5,B
459945,1,1,50,1,0,0.0,2,2.0,5,B
459946,0,1,37,1,0,0.0,0,2.0,5,B
459949,0,0,59,1,0,0.0,2,1.0,5,B
459953,1,1,50,1,0,8.0,2,2.0,5,B
459961,1,1,48,1,0,8.0,2,3.0,1,B
459962,1,1,55,1,0,9.0,2,1.0,5,B
459966,0,0,33,1,1,1.0,2,3.0,5,B
459968,1,0,38,1,0,13.0,2,1.0,6,B
459970,1,0,43,1,0,0.0,2,2.0,5,B
459973,0,0,53,1,0,0.0,2,2.0,5,B
459974,1,0,37,1,3,0.0,2,1.0,5,B
459975,0,0,36,1,0,5.0,2,1.0,5,B
459981,1,0,36,1,0,5.0,2,1.0,5,B
459986,1,1,62,1,0,1.0,2,1.0,5,B
459995,0,0,38,0,0,2.0,2,2.0,5,B
459996,1,0,55,1,3,1.0,2,1.0,5,B
459998,1,1,60,0,3,1.0,0,2.0,5,B
460004,0,1,36,1,3,7.0,0,2.0,4,B
460006,1,0,30,0,3,5.0,2,9.0,2,B
460014,0,0,66,0,3,4.0,2,3.0,5,B
460023,1,1,45,1,3,1.0,2,1.0,5,B
460027,0,0,40,1,3,6.0,2,3.0,5,B
460033,0,0,45,1,3,5.0,2,3.0,5,B
460036,1,1,41,1,3,2.0,2,1.0,5,B
460040,0,1,62,1,6,4.0,2,1.0,4,B
460045,1,1,61,1,0,1.0,2,2.0,5,B
460046,0,1,50,1,0,4.0,2,2.0,5,B
460050,1,1,53,1,3,3.0,2,2.0,5,B
460051,1,0,39,1,0,7.0,2,1.0,5,B
460052,0,0,86,1,7,0.0,2,1.0,2,B
460058,1,1,50,1,0,1.0,2,1.0,3,B
460059,0,0,46,0,3,4.0,2,1.0,3,B
460061,1,0,52,1,8,0.0,2,1.0,2,B
460066,0,0,45,0,8,0.0,2,1.0,5,B
460068,0,0,37,1,0,9.0,2,1.0,5,B
460073,0,1,36,1,2,3.0,2,1.0,5,B
460075,0,0,25,1,0,1.0,2,1.0,5,B
460079,0,0,40,0,1,1.0,2,1.0,5,B
460081,1,1,41,1,0,11.0,1,2.0,5,B
460088,0,1,25,1,6,4.0,1,2.0,5,B
460090,1,1,80,0,7,4.0,0,2.0,5,B
460093,0,0,46,1,0,3.0,2,1.0,2,B
460095,0,1,81,1,7,1.0,2,1.0,5,B
460097,1,1,40,1,0,0.0,2,2.0,2,B
460099,1,0,49,1,0,1.0,2,1.0,2,B
460101,0,0,26,1,5,8.0,2,3.0,2,B
460103,1,0,26,1,0,1.0,2,1.0,3,B
460105,0,0,47,1,0,0.0,2,1.0,3,B
460106,0,1,71,1,3,0.0,2,5.0,5,B
460107,1,1,48,1,2,1.0,0,5.0,5,B
460108,1,1,39,1,0,1.0,0,3.0,1,B
460109,1,1,50,1,0,8.0,0,2.0,5,B
460110,0,0,46,1,0,1.0,2,2.0,2,B
460112,1,1,26,1,2,8.0,0,2.0,2,B
460116,0,1,42,1,2,1.0,2,2.0,5,B
460118,0,1,36,1,0,4.0,2,2.0,5,B
460119,1,0,29,1,5,1.0,2,4.0,5,B
460122,0,0,39,0,0,1.0,2,1.0,5,B
460124,0,0,41,1,0,0.0,2,3.0,5,B
460126,0,1,48,1,8,8.0,2,3.0,5,B
460134,1,1,40,1,3,9.0,1,3.0,5,B
460135,0,0,25,1,5,4.0,2,3.0,5,B
460140,0,1,41,1,0,7.0,2,2.0,5,B
460141,1,0,37,1,0,11.0,2,1.0,5,B
460144,0,0,53,1,1,0.0,2,3.0,2,B
460146,0,1,51,1,2,0.0,0,3.0,2,B
460147,1,1,73,1,3,1.0,0,3.0,5,B
460157,1,1,61,0,3,1.0,2,5.0,3,B
460160,1,0,39,1,3,5.0,2,1.0,2,B
460162,0,0,19,0,5,0.0,2,4.0,1,B
460166,0,0,19,0,5,0.0,2,7.0,1,B
460167,0,0,23,0,3,1.0,2,5.0,1,B
460168,1,1,83,1,4,0.0,1,2.0,1,B
460171,0,1,62,1,0,1.0,1,2.0,5,B
460174,0,0,43,1,0,9.0,2,4.0,5,B
460175,0,0,27,0,0,0.0,2,5.0,1,B
460177,1,0,50,1,0,0.0,2,1.0,5,B
460179,0,0,23,0,3,0.0,2,6.0,1,B
460183,1,0,35,0,3,9.0,2,2.0,5,B
460185,1,0,32,0,5,9.0,2,3.0,5,B
460187,0,0,42,1,1,2.0,2,3.0,5,B
460189,1,0,33,0,3,13.0,2,1.0,5,B
460190,0,0,28,1,3,9.0,2,3.0,5,B
460192,1,1,35,1,3,1.0,2,2.0,6,B
460196,0,0,35,1,5,9.0,2,2.0,5,B
460206,0,1,39,1,3,0.0,2,2.0,5,B
460211,1,1,28,1,0,6.0,2,1.0,5,B
460212,1,1,35,1,3,11.0,2,6.0,5,B
460214,0,1,45,1,2,0.0,0,2.0,5,B
460222,0,1,73,1,7,4.0,1,1.0,5,B
460223,1,0,52,0,3,1.0,2,1.0,5,B
460227,1,0,28,0,5,0.0,2,3.0,5,B
460242,1,1,38,1,5,9.0,2,3.0,5,B
460243,0,0,42,1,3,8.0,2,1.0,5,B
460247,0,0,26,0,1,9.0,2,2.0,5,B
460248,0,0,27,1,5,7.0,2,2.0,5,B
460252,1,1,41,1,0,0.0,2,2.0,5,B
460263,1,1,41,1,0,1.0,2,2.0,5,B
460265,1,1,47,1,4,0.0,1,4.0,5,B
460270,1,0,35,1,1,8.0,2,1.0,5,B
460272,0,0,88,1,7,0.0,2,1.0,5,B
460275,0,0,46,1,0,6.0,2,1.0,5,B
460276,0,1,41,1,0,3.0,2,2.0,5,B
460281,0,0,30,1,1,10.0,2,5.0,5,B
460283,1,1,43,1,1,12.0,2,2.0,5,B
460284,0,0,29,1,3,9.0,2,2.0,5,B
460287,1,1,48,1,0,1.0,2,1.0,5,B
460289,0,1,61,1,0,4.0,0,6.0,3,B
460298,0,0,51,1,7,2.0,2,1.0,5,B
460303,0,0,38,1,0,2.0,2,1.0,5,B
460305,0,0,49,1,3,0.0,1,1.0,5,B
460306,0,0,43,1,5,9.0,2,1.0,5,B
460310,1,0,27,0,5,14.0,2,4.0,5,B
460315,0,0,35,0,1,14.0,2,6.0,6,B
460319,0,1,39,0,1,4.0,0,2.0,6,B
460322,0,1,52,0,2,9.0,2,1.0,5,B
460323,0,0,38,1,2,10.0,2,1.0,5,B
460324,0,0,30,1,3,12.0,2,2.0,5,B
460327,0,0,43,1,0,10.0,2,1.0,5,B
460333,0,0,42,0,3,10.0,2,4.0,5,B
460336,0,0,46,1,0,2.0,2,1.0,6,B
460340,0,0,47,1,0,11.0,2,2.0,5,B
460341,0,0,32,0,3,13.0,2,5.0,6,B
460344,0,1,53,1,0,11.0,0,2.0,5,B
460346,0,1,43,1,0,12.0,0,2.0,5,B
460348,0,0,39,1,0,0.0,2,2.0,5,B
460349,1,0,42,1,0,3.0,0,2.0,5,B
460354,0,0,37,1,0,3.0,2,1.0,2,B
460356,1,0,19,0,5,0.0,2,4.0,5,B
460358,1,0,30,0,8,1.0,2,1.0,2,B
460361,0,1,49,1,0,0.0,2,1.0,3,B
460362,1,1,55,1,5,0.0,2,3.0,3,B
460365,0,1,59,1,1,1.0,2,2.0,3,B
460369,0,1,46,1,0,9.0,2,2.0,5,B
460370,0,1,27,1,4,9.0,1,2.0,5,B
460371,0,0,25,1,0,1.0,2,2.0,5,B
460378,0,0,37,1,1,1.0,2,1.0,5,B
460379,1,0,38,1,0,9.0,2,3.0,5,B
460380,1,0,29,1,3,9.0,2,3.0,5,B
460381,1,0,28,1,0,11.0,2,2.0,5,B
460384,0,1,27,1,8,8.0,2,2.0,5,B
460387,0,0,42,0,3,3.0,2,2.0,5,B
460388,0,0,43,1,0,14.0,2,2.0,5,B
460389,0,1,40,1,5,8.0,0,2.0,5,B
460390,1,0,41,1,0,9.0,2,3.0,5,B
460392,1,1,46,0,3,8.0,2,1.0,0,B
460394,0,0,32,1,5,9.0,2,3.0,5,B
460397,0,0,56,1,3,1.0,2,1.0,5,B
460399,1,0,28,1,8,12.0,2,1.0,5,B
460401,0,0,25,1,0,0.0,2,3.0,6,B
460404,1,1,42,1,0,6.0,2,7.0,5,B
460405,0,0,41,1,3,5.0,2,2.0,5,B
460406,1,1,36,1,5,3.0,2,2.0,5,B
460408,0,0,42,1,0,2.0,2,1.0,5,B
460409,0,0,42,1,0,8.0,2,4.0,5,B
460415,0,0,55,1,3,1.0,2,2.0,5,B
460422,1,1,52,1,3,1.0,1,1.0,5,B
460431,0,0,47,1,2,1.0,2,1.0,5,B
460434,1,0,57,1,0,2.0,1,3.0,5,B
460437,0,0,26,1,0,8.0,2,1.0,5,B
460440,0,0,28,0,0,5.0,2,2.0,5,B
460443,0,0,37,1,1,0.0,2,1.0,5,B
460447,1,0,89,0,7,0.0,2,1.0,2,B
460449,1,0,25,0,8,2.0,2,1.0,2,B
460450,1,1,50,1,4,1.0,1,4.0,3,B
460453,0,0,42,1,1,5.0,2,1.0,5,B
460454,1,0,48,1,0,9.0,2,1.0,5,B
460457,0,0,37,1,3,9.0,2,5.0,2,B
460459,0,0,30,0,2,1.0,2,5.0,2,B
460460,1,1,26,0,3,2.0,2,4.0,2,B
460467,0,1,47,1,0,1.0,0,2.0,5,B
460470,1,0,36,0,5,1.0,2,4.0,3,B
460476,1,1,53,0,1,1.0,0,4.0,2,B
460477,1,0,30,0,3,1.0,2,6.0,2,B
460484,0,0,20,0,5,4.0,2,7.0,2,B
460485,0,0,19,0,8,8.0,2,5.0,2,B
460489,1,0,19,0,5,9.0,2,6.0,2,B
460492,0,0,37,0,8,12.0,2,6.0,2,B
460495,1,0,20,0,5,0.0,2,6.0,2,B
460504,1,0,39,0,4,1.0,0,3.0,2,B
460505,0,0,26,1,2,1.0,2,3.0,2,B
460507,1,0,31,0,1,0.0,2,4.0,2,B
460508,1,1,31,1,5,2.0,1,3.0,2,B
460518,0,1,41,1,2,9.0,0,3.0,2,B
460522,0,1,32,0,6,0.0,0,2.0,3,B
460541,0,1,42,1,6,0.0,0,3.0,2,B
460542,0,1,89,0,7,1.0,2,3.0,2,B
460545,1,1,78,0,7,1.0,1,3.0,2,B
460546,0,1,65,1,7,1.0,2,2.0,2,B
460547,0,1,48,1,6,0.0,0,2.0,2,B
460549,1,0,36,1,0,8.0,2,2.0,2,B
460550,0,1,55,1,0,0.0,0,4.0,2,B
460551,1,1,52,1,2,0.0,0,2.0,2,B
460555,1,1,52,1,6,7.0,0,3.0,2,B
460556,0,1,41,1,6,1.0,2,1.0,2,B
460558,0,1,36,1,2,7.0,2,1.0,2,B
460561,0,0,37,0,2,7.0,2,1.0,2,B
460563,0,0,40,0,5,1.0,2,2.0,0,B
460566,1,1,38,1,6,0.0,0,2.0,2,B
460571,1,0,25,0,1,0.0,2,3.0,2,B
460572,0,0,33,1,2,1.0,2,4.0,2,B
460574,1,0,26,1,0,1.0,2,1.0,2,B
460582,0,0,28,0,3,0.0,2,1.0,2,B
460583,1,0,18,0,8,0.0,2,6.0,2,B
460585,1,0,52,0,3,0.0,2,3.0,2,B
460586,1,0,26,1,5,0.0,2,2.0,2,B
460588,1,0,18,0,5,0.0,2,4.0,2,B
460597,0,0,20,0,8,1.0,2,2.0,2,B
460598,0,1,36,1,1,0.0,0,3.0,2,B
460605,1,1,27,1,1,8.0,0,2.0,3,B
460606,1,0,21,0,5,8.0,2,5.0,6,B
460612,1,0,27,1,3,8.0,2,4.0,2,B
460615,0,0,28,1,5,1.0,2,4.0,2,B
460618,1,1,63,1,7,1.0,2,4.0,2,B
460619,1,0,48,1,3,1.0,2,2.0,2,B
460621,1,1,80,1,7,1.0,2,2.0,2,B
460622,0,1,71,1,7,7.0,1,3.0,2,B
460626,1,1,47,0,1,8.0,1,4.0,5,B
460627,0,0,22,0,1,1.0,2,4.0,2,B
460633,1,1,35,1,1,0.0,1,2.0,2,B
460634,0,0,40,0,3,0.0,2,6.0,2,B
460637,0,0,18,0,5,0.0,2,4.0,2,B
460638,0,0,26,1,0,0.0,2,4.0,2,B
460639,0,1,73,1,7,1.0,2,5.0,0,B
460640,1,1,86,0,7,1.0,2,1.0,2,B
460645,0,0,37,0,1,1.0,2,2.0,2,B
460646,1,1,59,1,3,8.0,2,1.0,2,B
460653,0,0,28,0,6,8.0,2,1.0,3,B
460656,0,1,29,1,0,9.0,2,3.0,5,B
460658,0,1,37,1,8,7.0,0,3.0,5,B
460659,0,1,46,1,8,6.0,0,3.0,5,B
460660,1,0,39,0,3,6.0,2,1.0,5,B
460661,0,0,33,0,6,8.0,2,1.0,5,B
460668,0,0,32,1,1,6.0,2,2.0,2,B
460678,0,0,32,0,1,6.0,2,2.0,2,B
460686,0,0,25,0,6,8.0,2,1.0,2,B
460687,0,1,48,1,6,9.0,0,2.0,2,B
460691,0,0,27,0,6,8.0,2,1.0,2,B
460702,0,0,49,1,0,1.0,2,1.0,5,B
460703,0,1,33,1,2,8.0,0,5.0,3,B
460706,0,0,33,0,2,7.0,2,6.0,3,B
460708,1,1,39,1,0,0.0,2,3.0,5,B
460716,1,1,50,1,3,0.0,0,4.0,5,B
460719,0,1,84,1,7,0.0,2,2.0,2,B
460720,0,1,46,1,0,0.0,0,2.0,5,B
460722,1,1,31,0,3,0.0,0,3.0,2,B
460726,1,1,57,1,0,3.0,0,2.0,5,B
460727,1,1,73,0,4,1.0,1,4.0,2,B
460729,1,1,36,1,3,9.0,2,4.0,5,B
460733,1,0,53,1,8,2.0,2,4.0,5,B
460734,1,1,41,1,3,9.0,0,3.0,1,B
460738,0,0,53,0,2,0.0,2,3.0,6,B
460740,1,1,35,1,0,2.0,0,3.0,5,B
460743,1,1,62,1,0,0.0,0,3.0,5,B
460746,1,0,23,0,8,0.0,2,3.0,5,B
460763,1,0,51,1,0,1.0,2,2.0,5,B
460769,0,1,83,0,7,1.0,1,2.0,5,B
460780,0,0,26,1,5,0.0,2,2.0,2,B
460783,1,1,86,1,7,1.0,2,1.0,5,B
460785,1,0,26,1,5,0.0,2,4.0,6,B
460789,1,1,42,1,4,0.0,2,3.0,5,B
460794,0,1,41,1,6,9.0,2,1.0,5,B
460796,1,1,67,0,7,0.0,2,3.0,5,B
460802,1,1,68,1,7,1.0,1,2.0,5,B
460811,0,1,45,0,2,0.0,1,2.0,5,B
460813,0,1,86,0,7,0.0,1,2.0,5,B
460815,1,1,62,1,0,0.0,1,2.0,2,B
460822,1,1,42,1,0,1.0,2,2.0,5,B
460825,1,0,26,1,1,0.0,2,3.0,3,B
460828,1,0,48,0,3,1.0,2,1.0,5,B
460830,1,1,40,0,3,3.0,0,5.0,1,B
460831,1,0,20,0,5,0.0,2,4.0,5,B
460837,0,0,25,1,0,1.0,2,1.0,4,B
460838,1,0,37,1,0,1.0,2,1.0,5,B
460840,1,1,77,1,7,1.0,2,1.0,5,B
460844,1,1,50,1,5,0.0,2,2.0,5,B
460846,0,0,22,0,8,0.0,2,4.0,5,B
460847,1,0,26,1,0,1.0,2,3.0,5,B
460851,1,1,71,0,1,0.0,0,3.0,5,B
460855,1,1,50,1,0,1.0,2,2.0,5,B
460857,1,0,29,0,3,1.0,2,1.0,3,B
460859,1,1,51,1,3,6.0,2,4.0,5,B
460860,1,1,52,1,0,6.0,0,4.0,5,B
460861,1,0,20,0,5,1.0,2,3.0,2,B
460866,1,0,26,1,1,0.0,2,9.0,3,B
460870,1,0,37,1,5,0.0,2,2.0,3,B
460871,0,0,33,1,5,0.0,2,2.0,5,B
460872,0,1,39,1,0,0.0,2,2.0,3,B
460877,0,1,53,0,0,1.0,0,5.0,5,B
460878,1,1,49,0,3,0.0,0,4.0,5,B
460882,1,0,21,0,5,0.0,2,2.0,2,B
460888,1,1,39,0,6,8.0,2,1.0,5,B
460891,0,1,38,0,0,2.0,0,4.0,2,B
460897,1,0,22,0,5,4.0,2,4.0,5,B
460898,1,1,52,0,0,2.0,0,4.0,5,B
460899,1,0,40,1,3,8.0,2,3.0,5,B
460901,1,0,20,0,1,8.0,2,3.0,5,B
460902,1,0,41,1,4,1.0,2,3.0,5,B
460905,1,0,30,1,0,1.0,2,1.0,2,B
460906,0,1,89,1,7,1.0,1,3.0,5,B
460907,1,1,83,0,7,1.0,1,3.0,5,B
460923,1,1,53,1,0,0.0,0,3.0,5,B
460924,1,0,31,0,1,1.0,2,5.0,1,B
460928,1,1,48,1,0,1.0,0,4.0,5,B
460934,0,0,29,0,1,0.0,2,2.0,5,B
460935,1,1,87,1,7,0.0,2,1.0,5,B
460945,1,0,19,0,2,4.0,2,7.0,5,B
460953,1,1,60,0,3,1.0,2,2.0,5,B
460961,1,0,23,0,5,1.0,2,2.0,2,B
460962,1,1,61,1,4,9.0,1,4.0,5,B
460963,0,0,27,1,0,1.0,2,3.0,5,B
460968,1,1,32,0,1,14.0,0,2.0,2,B
460975,1,1,79,0,7,0.0,1,2.0,5,B
460976,1,0,19,0,5,1.0,2,4.0,5,B
460977,1,1,42,1,4,0.0,1,3.0,3,B
460979,1,1,76,0,7,1.0,2,1.0,5,B
460981,0,1,41,0,8,1.0,0,2.0,5,B
460984,1,1,38,1,3,0.0,0,4.0,5,B
460988,1,1,43,1,3,0.0,0,3.0,3,B
460989,1,0,19,0,5,1.0,2,3.0,0,B
460991,0,0,28,1,5,1.0,2,3.0,6,B
460993,1,1,56,1,0,0.0,0,4.0,5,B
460999,1,0,28,1,2,0.0,2,3.0,2,B
461000,1,1,60,0,8,1.0,1,2.0,2,B
461001,0,0,55,1,0,0.0,2,2.0,2,B
461015,1,1,35,1,3,1.0,0,2.0,2,B
461016,1,0,25,0,5,5.0,2,5.0,2,B
461022,1,1,71,1,0,1.0,2,1.0,2,B
461023,1,1,65,0,7,1.0,1,2.0,2,B
461024,1,1,74,1,7,1.0,2,1.0,5,B
461028,0,0,20,0,5,5.0,2,4.0,3,B
461029,1,1,43,0,3,9.0,2,2.0,3,B
461034,0,0,20,0,8,3.0,2,6.0,2,B
461037,1,1,40,1,5,0.0,1,5.0,2,B
461038,0,1,46,1,2,0.0,1,5.0,2,B
461041,0,1,65,0,7,1.0,1,7.0,2,B
461042,1,0,21,0,5,0.0,2,7.0,3,B
461043,1,1,50,0,5,1.0,2,7.0,3,B
461044,1,0,18,0,5,0.0,2,5.0,3,B
461049,0,1,61,1,1,1.0,2,7.0,6,B
461050,1,1,49,1,1,1.0,1,3.0,5,B
461053,1,1,39,0,4,1.0,1,4.0,2,B
461059,0,1,52,0,7,1.0,1,2.0,5,B
461060,1,1,56,1,4,0.0,1,5.0,5,B
461065,1,1,55,1,4,1.0,2,6.0,2,B
461071,1,1,42,0,2,1.0,0,5.0,2,B
461078,0,0,33,0,6,0.0,2,6.0,2,B
461082,1,0,19,0,5,8.0,2,4.0,0,B
461085,0,0,27,0,2,1.0,2,1.0,2,B
461093,0,1,38,1,0,1.0,0,4.0,2,B
461099,0,0,38,0,0,1.0,2,4.0,2,B
461111,0,1,43,1,1,8.0,2,1.0,5,B
461114,1,1,53,1,0,1.0,0,4.0,2,B
461116,1,1,33,0,4,4.0,1,4.0,2,B
461118,0,0,30,1,5,7.0,2,3.0,2,B
461119,0,0,22,0,5,6.0,2,3.0,2,B
461121,1,0,33,0,1,0.0,2,4.0,2,B
461124,1,0,21,0,5,1.0,2,8.0,3,B
461127,1,0,20,0,5,1.0,2,5.0,3,B
461128,1,0,19,0,5,7.0,2,3.0,5,B
461129,0,1,58,1,3,1.0,0,4.0,5,B
461131,1,1,67,1,0,1.0,1,2.0,5,B
461145,0,1,36,1,3,1.0,2,2.0,2,B
461152,0,0,30,0,6,8.0,2,4.0,2,B
461154,1,0,23,0,6,1.0,2,4.0,2,B
461158,0,0,42,1,3,1.0,2,3.0,2,B
461162,0,0,37,0,8,8.0,2,3.0,2,B
461163,0,1,58,0,3,9.0,2,4.0,2,B
461168,0,1,26,0,2,7.0,0,2.0,2,B
461169,1,0,39,1,3,9.0,2,2.0,2,B
461174,0,0,23,0,8,8.0,2,4.0,2,B
461177,1,1,41,0,4,8.0,0,4.0,0,B
461178,1,1,26,0,3,0.0,2,3.0,2,B
461179,0,1,25,0,2,3.0,2,3.0,2,B
461181,1,0,19,0,5,0.0,2,4.0,2,B
461183,1,0,36,0,4,0.0,2,5.0,2,B
461187,1,0,29,0,5,9.0,2,4.0,2,B
461197,1,0,26,0,8,1.0,2,1.0,2,B
461198,0,0,78,1,7,0.0,2,1.0,5,B
461201,0,0,55,1,0,0.0,2,1.0,5,B
461205,1,0,26,1,5,0.0,2,3.0,1,B
461211,0,0,46,1,3,0.0,2,1.0,5,B
461214,1,0,29,0,5,0.0,2,4.0,5,B
461215,0,0,36,1,0,10.0,2,1.0,5,B
461218,1,1,27,0,4,1.0,2,6.0,5,B
461220,0,0,29,0,4,8.0,2,3.0,5,B
461221,0,0,25,0,8,1.0,2,4.0,5,B
461225,0,0,30,0,8,10.0,2,6.0,5,B
461226,1,1,45,1,8,1.0,2,2.0,5,B
461230,0,0,21,0,4,0.0,2,1.0,2,B
461232,0,1,41,1,4,9.0,1,1.0,2,B
461233,1,1,38,1,3,9.0,2,1.0,2,B
461236,0,0,28,1,5,9.0,2,1.0,5,B
461237,1,0,33,1,1,1.0,2,5.0,1,B
461241,1,1,31,1,5,7.0,2,2.0,5,B
461242,1,1,45,1,5,0.0,2,2.0,5,B
461243,1,1,47,1,8,0.0,2,5.0,5,B
461248,0,0,39,0,5,0.0,2,1.0,5,B
461251,0,0,47,1,8,1.0,2,1.0,5,B
461252,0,1,53,1,1,0.0,2,1.0,2,B
461256,1,0,27,0,1,1.0,2,4.0,3,B
461257,1,1,37,1,2,1.0,0,2.0,3,B
461258,0,1,62,1,0,1.0,0,3.0,3,B
461262,0,0,29,0,2,0.0,2,7.0,3,B
461263,0,1,51,1,0,0.0,2,1.0,3,B
461265,1,0,30,0,8,1.0,2,6.0,3,B
461269,1,0,18,0,3,0.0,2,4.0,3,B
461274,0,1,87,1,7,0.0,1,2.0,5,B
461276,1,1,68,1,8,0.0,2,2.0,6,B
461277,1,1,84,1,7,5.0,2,1.0,5,B
461281,1,0,22,0,5,2.0,2,9.0,1,B
461286,0,0,22,0,1,2.0,2,4.0,5,B
461289,1,0,21,0,5,1.0,2,3.0,5,B
461292,0,1,89,0,7,0.0,1,2.0,2,B
461297,1,1,73,0,7,0.0,1,2.0,5,B
461299,0,1,75,1,7,0.0,1,2.0,5,B
461303,0,0,20,0,1,6.0,2,4.0,1,B
461308,1,0,22,0,5,1.0,2,2.0,5,B
461309,0,0,22,0,5,0.0,2,4.0,5,B
461313,1,1,63,1,0,0.0,0,3.0,5,B
461314,1,1,46,1,0,1.0,0,3.0,5,B
461319,1,1,58,0,0,0.0,0,2.0,5,B
461320,0,0,41,1,0,1.0,2,3.0,5,B
461322,1,1,42,1,0,0.0,0,2.0,5,B
461323,0,1,43,1,5,6.0,0,2.0,5,B
461324,0,0,49,1,0,3.0,2,1.0,5,B
461326,0,0,40,1,0,0.0,2,1.0,5,B
461335,1,1,53,0,4,8.0,1,2.0,5,B
461340,1,1,36,1,0,4.0,0,2.0,6,B
461346,1,1,50,1,0,8.0,2,2.0,5,B
461348,1,1,42,1,5,1.0,2,1.0,5,B
461350,1,0,30,0,5,0.0,2,4.0,1,B
461352,1,0,29,0,5,2.0,2,5.0,1,B
461356,1,0,28,1,3,1.0,2,2.0,5,B
461357,1,0,27,1,5,1.0,2,4.0,5,B
461363,1,0,49,1,0,0.0,2,1.0,5,B
461366,1,0,32,1,5,1.0,2,1.0,5,B
461370,1,0,25,1,1,1.0,2,3.0,5,B
461377,0,1,63,1,0,8.0,2,1.0,5,B
461378,0,0,42,1,0,8.0,2,1.0,5,B
461379,1,0,31,1,5,1.0,2,2.0,4,B
461383,1,1,71,1,0,0.0,1,2.0,5,B
461388,1,0,20,0,5,1.0,2,5.0,1,B
461397,1,0,22,0,5,1.0,2,4.0,5,B
461402,0,0,29,1,3,1.0,2,5.0,5,B
461408,1,1,47,1,8,0.0,2,3.0,5,B
461421,1,1,43,1,0,1.0,0,3.0,5,B
461423,1,0,32,1,0,1.0,2,3.0,3,B
461426,1,1,47,1,0,7.0,0,2.0,5,B
461428,1,0,46,1,0,0.0,2,1.0,5,B
461432,0,1,41,1,0,1.0,0,2.0,5,B
461437,1,1,37,1,3,0.0,0,2.0,5,B
461439,1,1,40,1,0,0.0,0,2.0,5,B
461441,1,1,60,1,0,0.0,0,4.0,5,B
461442,1,1,46,1,0,0.0,0,6.0,1,B
461454,0,1,36,1,0,6.0,1,4.0,6,B
461456,0,0,38,0,8,0.0,2,1.0,5,B
461457,0,1,32,0,1,0.0,2,5.0,5,B
461458,0,0,41,1,0,5.0,2,1.0,5,B
461462,1,1,56,1,8,0.0,2,3.0,5,B
461465,1,1,31,1,0,8.0,0,2.0,5,B
461466,1,1,45,0,0,0.0,2,2.0,6,B
461468,1,1,69,1,3,0.0,0,3.0,5,B
461469,1,1,37,1,0,0.0,2,2.0,5,B
461476,1,1,47,1,0,1.0,0,4.0,1,B
461479,0,1,52,1,0,1.0,0,3.0,5,B
461480,0,1,57,1,0,1.0,1,3.0,5,B
461482,0,0,50,1,0,9.0,2,1.0,5,B
461494,1,1,27,0,2,0.0,0,2.0,5,B
461501,0,1,45,1,2,1.0,1,3.0,5,B
461503,0,0,30,1,0,8.0,2,2.0,5,B
461510,1,1,45,1,0,0.0,2,2.0,5,B
461514,1,0,30,0,5,1.0,2,4.0,5,B
461516,1,1,31,1,3,1.0,0,3.0,5,B
461518,0,1,45,1,0,1.0,0,4.0,2,B
461521,1,1,67,1,0,0.0,1,2.0,5,B
461522,1,1,76,0,4,1.0,1,2.0,5,B
461525,1,1,69,1,3,0.0,2,2.0,5,B
461526,1,1,83,0,3,0.0,2,2.0,5,B
461530,1,1,38,1,2,0.0,2,2.0,5,B
461534,1,1,36,1,0,0.0,2,1.0,5,B
461540,1,0,41,1,0,2.0,2,2.0,1,B
461546,0,1,69,0,7,0.0,2,3.0,5,B
461548,0,0,33,1,2,0.0,2,3.0,5,B
461553,1,0,38,1,0,1.0,2,3.0,6,B
461556,0,1,48,1,2,1.0,0,2.0,5,B
461558,1,1,51,1,2,2.0,0,2.0,5,B
461564,1,1,56,1,4,1.0,1,2.0,5,B
461570,1,1,57,1,0,0.0,0,3.0,5,B
461574,0,1,49,1,0,1.0,0,3.0,5,B
461587,1,0,30,1,5,0.0,2,3.0,5,B
461593,0,1,40,1,1,8.0,0,2.0,5,B
461602,0,0,30,1,0,0.0,2,2.0,5,B
461604,1,1,38,0,3,0.0,0,2.0,5,B
461612,0,0,31,1,5,8.0,2,5.0,5,B
461615,1,0,33,1,1,0.0,2,2.0,5,B
461617,1,0,50,1,0,0.0,2,2.0,5,B
461619,1,1,52,1,4,0.0,1,3.0,5,B
461624,0,1,39,1,0,0.0,0,2.0,1,B
461626,1,1,73,1,4,0.0,1,2.0,5,B
461630,1,1,46,1,0,0.0,0,3.0,5,B
461637,1,1,50,1,0,0.0,2,2.0,6,B
461644,1,0,30,0,5,0.0,2,6.0,5,B
461653,0,1,60,1,1,0.0,0,2.0,5,B
461655,0,1,39,1,6,9.0,0,2.0,5,B
461658,0,1,59,1,0,1.0,0,2.0,4,B
461659,0,1,51,1,0,0.0,0,2.0,5,B
461661,0,1,40,1,0,5.0,0,2.0,1,B
461663,1,0,23,0,5,1.0,2,3.0,5,B
461668,1,1,53,1,0,4.0,0,4.0,1,B
461671,1,0,32,0,5,7.0,2,5.0,5,B
461674,1,1,52,1,4,0.0,1,4.0,5,B
461676,0,0,31,1,2,0.0,2,1.0,5,B
461679,1,0,30,1,5,3.0,2,4.0,5,B
461681,1,0,25,1,5,8.0,2,3.0,6,B
461683,1,1,40,1,4,1.0,1,4.0,5,B
461685,0,0,27,1,5,4.0,2,4.0,5,B
461686,1,1,61,1,0,0.0,2,2.0,5,B
461690,0,0,33,1,2,1.0,2,1.0,3,B
461694,1,0,28,1,1,1.0,2,4.0,3,B
461695,0,1,48,1,0,2.0,0,2.0,5,B
461698,0,1,73,1,0,0.0,1,2.0,5,B
461701,1,1,36,0,0,0.0,0,2.0,4,B
461705,0,0,32,0,5,0.0,2,4.0,5,B
461708,1,1,82,0,7,0.0,1,2.0,5,B
461709,1,0,28,1,0,1.0,2,3.0,3,B
461711,0,0,42,1,0,8.0,2,3.0,1,B
461716,0,1,60,1,7,6.0,1,9.0,5,B
461720,0,0,46,1,0,1.0,2,1.0,3,B
461722,1,0,31,0,1,0.0,2,3.0,5,B
461724,0,1,50,1,0,1.0,2,1.0,6,B
461725,0,0,30,1,2,3.0,2,1.0,3,B
461727,0,0,49,1,0,1.0,2,3.0,5,B
461737,0,1,51,1,1,0.0,0,6.0,3,B
461738,0,1,46,1,1,0.0,0,3.0,5,B
461744,1,1,53,1,0,0.0,0,4.0,5,B
461747,1,1,65,1,0,0.0,1,2.0,5,B
461749,0,0,22,0,5,0.0,2,5.0,5,B
461752,1,1,65,1,1,1.0,0,3.0,5,B
461756,0,1,39,1,2,0.0,0,2.0,3,B
461760,1,1,84,1,0,0.0,1,2.0,5,B
461769,1,0,37,1,0,0.0,2,1.0,5,B
461771,1,1,28,1,1,8.0,0,2.0,5,B
461775,0,1,82,0,7,0.0,1,2.0,5,B
461778,0,1,87,1,7,0.0,1,2.0,5,B
461780,0,0,69,1,7,1.0,2,5.0,5,B
461782,0,1,51,1,0,1.0,1,5.0,5,B
461784,0,1,74,1,7,1.0,2,1.0,5,B
461788,0,1,79,1,7,1.0,1,2.0,5,B
461791,0,0,21,0,7,9.0,2,1.0,5,B
461792,0,0,20,0,5,5.0,2,5.0,1,B
461800,0,0,43,1,1,3.0,2,1.0,1,B
461801,0,0,25,0,5,1.0,2,3.0,5,B
461802,1,0,43,1,0,0.0,2,4.0,5,B
461804,0,0,42,1,0,1.0,2,1.0,5,B
461807,1,0,25,1,1,10.0,2,4.0,5,B
461815,1,1,59,1,0,0.0,2,1.0,2,B
461816,0,0,49,1,8,0.0,2,5.0,5,B
461821,0,0,32,0,1,1.0,2,4.0,5,B
461822,1,1,36,1,0,8.0,1,2.0,5,B
461824,1,1,45,1,8,9.0,2,3.0,5,B
461832,1,0,29,1,5,0.0,2,3.0,5,B
461837,1,1,37,1,0,0.0,2,2.0,5,B
461845,0,1,48,1,1,1.0,0,4.0,5,B
461846,0,0,65,1,0,0.0,2,2.0,1,B
461848,1,0,39,0,8,1.0,2,2.0,5,B
461858,1,0,25,0,3,1.0,2,7.0,3,B
461859,0,1,49,0,0,5.0,2,5.0,5,B
461860,0,1,77,1,7,1.0,1,2.0,5,B
461862,0,0,38,1,0,9.0,2,1.0,5,B
461864,1,0,19,1,8,0.0,2,6.0,3,B
461872,0,1,76,1,7,1.0,1,2.0,5,B
461873,1,0,28,1,1,0.0,2,4.0,5,B
461874,1,1,51,1,1,1.0,0,3.0,2,B
461882,0,0,28,1,1,0.0,2,5.0,6,B
461892,0,0,42,1,5,0.0,2,1.0,1,B
461896,1,1,45,1,0,1.0,2,1.0,5,B
461898,1,1,63,1,4,6.0,1,3.0,5,B
461899,0,0,18,0,1,0.0,2,6.0,5,B
461901,1,0,26,1,0,7.0,2,4.0,5,B
461910,1,1,31,1,0,5.0,0,2.0,1,B
461913,1,0,43,1,3,5.0,2,4.0,1,B
461914,0,1,60,1,0,7.0,2,1.0,5,B
461921,0,0,36,1,0,0.0,2,1.0,5,B
461927,1,0,32,0,5,1.0,2,4.0,1,B
461928,1,1,68,1,7,1.0,2,1.0,5,B
461929,1,1,60,1,3,1.0,2,1.0,5,B
461930,0,0,42,1,0,0.0,2,1.0,3,B
461931,0,0,18,0,5,6.0,2,5.0,5,B
461936,1,1,69,0,7,0.0,1,2.0,5,B
461937,0,0,42,1,1,0.0,2,1.0,5,B
461941,0,1,70,1,0,1.0,2,1.0,5,B
461943,1,0,25,1,5,1.0,2,3.0,5,B
461962,1,1,56,1,3,1.0,0,3.0,5,B
461963,0,0,40,1,0,9.0,2,1.0,5,B
461965,1,0,23,0,5,1.0,2,6.0,5,B
461967,0,0,20,0,8,3.0,2,4.0,6,B
461968,0,0,39,1,3,2.0,2,1.0,5,B
461978,0,0,19,0,5,0.0,2,4.0,5,B
461985,1,0,28,1,3,1.0,2,2.0,4,B
461988,1,1,40,0,2,1.0,0,2.0,5,B
461989,0,1,60,1,2,1.0,0,4.0,1,B
461993,1,0,33,0,5,3.0,2,4.0,5,B
461994,1,1,20,0,1,14.0,2,2.0,5,B
461996,0,0,35,0,0,7.0,2,4.0,5,B
461999,1,0,27,1,1,0.0,2,5.0,5,B
462007,0,1,42,1,0,1.0,0,2.0,5,B
462011,1,1,30,0,8,0.0,2,4.0,3,B
462013,0,1,56,1,4,0.0,0,2.0,5,B
462015,1,1,28,1,3,0.0,0,2.0,5,B
462016,0,1,38,1,0,6.0,0,2.0,5,B
462017,1,0,26,1,3,9.0,2,1.0,1,B
462027,1,0,36,0,2,0.0,2,1.0,5,B
462029,1,0,56,0,3,0.0,2,1.0,5,B
462033,1,0,26,1,3,0.0,2,1.0,5,B
462038,1,0,28,1,0,4.0,2,4.0,5,B
462043,1,0,32,0,5,0.0,2,5.0,5,B
462044,0,0,52,1,0,4.0,2,1.0,5,B
462048,0,0,23,0,5,0.0,2,4.0,5,B
462051,1,0,23,0,5,0.0,2,5.0,3,B
462052,1,1,50,1,0,0.0,2,2.0,5,B
462053,1,1,26,1,0,8.0,2,2.0,5,B
462058,1,1,40,1,3,8.0,2,2.0,5,B
462060,0,1,53,1,0,1.0,0,2.0,5,B
462064,1,1,63,1,0,0.0,0,3.0,6,B
462068,1,1,62,1,4,0.0,1,3.0,5,B
462075,0,0,38,1,0,1.0,2,1.0,5,B
462078,0,1,57,0,0,1.0,0,2.0,1,B
462080,0,0,43,1,0,9.0,2,1.0,5,B
462081,1,0,21,0,8,1.0,2,3.0,3,B
462083,1,0,22,0,5,0.0,2,5.0,5,B
462084,1,1,68,1,0,1.0,2,1.0,5,B
462085,0,0,28,1,5,0.0,2,1.0,5,B
462088,1,1,33,1,0,0.0,0,2.0,5,B
462090,0,0,38,1,0,8.0,2,1.0,5,B
462091,1,0,23,0,5,0.0,2,5.0,3,B
462094,0,0,41,1,5,4.0,2,1.0,5,B
462096,0,0,41,1,6,4.0,2,1.0,3,B
462102,0,0,39,1,1,4.0,2,1.0,5,B
462103,0,1,49,0,3,9.0,1,2.0,5,B
462108,0,1,33,1,6,0.0,0,2.0,5,B
462109,1,1,79,0,7,0.0,2,1.0,5,B
462111,1,1,38,1,0,6.0,0,4.0,5,B
462114,1,0,21,0,5,1.0,2,4.0,5,B
462116,0,1,68,1,1,0.0,0,2.0,5,B
462118,1,0,31,1,0,0.0,2,3.0,5,B
462120,1,1,46,0,0,1.0,2,3.0,2,B
462128,1,1,35,1,0,9.0,0,2.0,5,B
462131,0,0,42,1,0,8.0,2,3.0,1,B
462134,1,1,87,0,7,0.0,2,1.0,5,B
462141,0,0,38,1,0,8.0,2,1.0,5,B
462149,0,1,88,0,7,2.0,1,1.0,5,B
462151,0,0,42,1,0,9.0,2,1.0,5,B
462163,0,1,26,1,0,4.0,0,2.0,2,B
462168,1,1,35,1,4,0.0,1,3.0,5,B
462171,0,1,41,0,2,3.0,1,2.0,5,B
462172,1,1,37,1,1,1.0,0,2.0,0,B
462174,0,1,41,1,2,8.0,0,4.0,3,B
462177,1,0,35,1,0,6.0,2,5.0,1,B
462179,0,0,33,1,8,0.0,2,9.0,6,B
462180,0,1,61,1,2,2.0,0,4.0,1,B
462186,0,0,19,0,1,1.0,2,3.0,0,B
462187,0,0,50,1,0,4.0,2,1.0,5,B
462188,0,1,48,0,2,0.0,0,4.0,3,B
462196,1,1,57,0,8,1.0,0,3.0,3,B
462197,0,1,72,0,2,1.0,0,3.0,3,B
462198,0,0,39,0,2,4.0,2,3.0,2,B
462200,0,1,49,1,1,0.0,2,3.0,3,B
462202,0,0,41,1,3,0.0,2,4.0,3,B
462203,1,1,65,0,4,2.0,1,7.0,3,B
462204,0,0,22,0,8,0.0,2,3.0,3,B
462205,0,0,23,0,5,0.0,2,4.0,3,B
462209,0,1,41,0,0,0.0,2,1.0,3,B
462210,0,1,42,1,2,0.0,2,3.0,3,B
462211,1,0,18,0,5,0.0,2,3.0,3,B
462214,1,1,49,0,1,1.0,2,2.0,3,B
462216,0,1,40,0,1,0.0,2,2.0,3,B
462218,1,1,50,0,4,1.0,0,5.0,3,B
462220,0,0,19,0,5,6.0,2,3.0,3,B
462222,1,0,22,0,5,0.0,2,6.0,3,B
462229,1,0,23,0,5,1.0,2,8.0,3,B
462231,1,0,27,1,0,4.0,2,6.0,3,B
462232,1,1,55,0,4,0.0,1,8.0,3,B
462234,1,1,32,0,4,1.0,0,6.0,3,B
462238,1,1,57,0,3,0.0,2,2.0,2,B
462240,1,1,80,0,7,0.0,1,2.0,5,B
462243,1,1,43,0,4,0.0,2,4.0,5,B
462246,0,1,79,0,7,1.0,1,2.0,5,B
462249,1,0,25,0,3,1.0,2,3.0,5,B
462256,0,1,58,1,6,0.0,0,4.0,5,B
462257,0,1,78,1,7,1.0,1,2.0,5,B
462260,1,1,76,1,7,1.0,2,2.0,5,B
462262,1,0,27,0,5,1.0,2,3.0,5,B
462274,1,1,47,1,0,1.0,0,3.0,5,B
462275,1,1,43,1,0,1.0,0,2.0,5,B
462278,1,0,31,1,5,1.0,2,4.0,5,B
462279,1,0,27,0,5,0.0,2,7.0,5,B
462280,1,0,31,1,5,0.0,2,4.0,5,B
462281,1,1,46,1,0,1.0,2,2.0,5,B
462284,1,1,48,1,4,1.0,0,4.0,5,B
462285,1,1,51,1,1,0.0,2,2.0,5,B
462286,1,1,57,0,1,0.0,0,2.0,5,B
462290,0,0,30,1,1,0.0,2,1.0,5,B
462291,0,0,37,1,8,14.0,2,3.0,5,B
462297,0,0,31,1,0,14.0,2,2.0,5,B
462300,1,1,49,1,0,1.0,0,3.0,5,B
462304,1,1,56,1,0,1.0,2,4.0,3,B
462306,1,1,83,0,7,8.0,1,2.0,5,B
462309,1,0,32,1,5,5.0,2,1.0,5,B
462310,1,1,63,1,0,5.0,0,4.0,5,B
462323,0,1,71,1,1,1.0,0,2.0,5,B
462336,1,1,50,0,0,0.0,2,4.0,5,B
462339,1,0,31,1,0,4.0,2,5.0,5,B
462340,1,1,60,0,3,0.0,0,6.0,5,B
462342,0,1,71,1,7,8.0,1,2.0,5,B
462345,1,1,49,1,1,0.0,0,6.0,3,B
462346,1,1,74,1,7,9.0,2,1.0,5,B
462349,1,1,51,1,0,1.0,0,6.0,5,B
462355,1,1,61,0,3,0.0,2,3.0,5,B
462356,1,0,46,1,2,0.0,2,3.0,5,B
462358,1,1,39,0,1,2.0,0,2.0,5,B
462365,1,1,85,1,7,1.0,1,2.0,5,B
462368,0,1,31,1,0,1.0,0,2.0,5,B
462370,1,1,39,1,4,4.0,1,3.0,5,B
462381,0,1,48,0,1,1.0,1,2.0,5,B
462382,1,1,71,1,7,0.0,1,2.0,5,B
462384,0,0,31,1,5,0.0,2,1.0,6,B
462386,0,0,32,1,5,0.0,2,5.0,5,B
462389,0,1,55,0,2,0.0,2,1.0,5,B
462395,1,1,46,1,0,0.0,1,2.0,5,B
462396,1,1,53,1,1,0.0,0,2.0,5,B
462397,1,1,50,1,0,0.0,0,4.0,5,B
462400,1,0,45,1,0,1.0,2,1.0,5,B
462401,1,1,33,0,4,1.0,0,2.0,3,B
462409,0,1,29,0,2,5.0,2,2.0,5,B
462411,1,0,35,1,0,8.0,2,1.0,5,B
462415,1,0,25,0,1,1.0,2,1.0,5,B
462420,1,0,26,1,5,0.0,2,3.0,5,B
462421,1,0,48,1,0,1.0,2,2.0,5,B
462423,1,1,66,0,7,0.0,1,3.0,5,B
462424,0,1,38,0,0,0.0,2,3.0,5,B
462428,1,1,65,1,3,2.0,0,3.0,5,B
462429,1,1,87,0,7,1.0,2,1.0,5,B
462445,1,0,20,0,5,1.0,2,3.0,5,B
462446,1,0,19,0,5,0.0,2,4.0,5,B
462447,1,0,22,0,5,9.0,2,4.0,5,B
462450,1,0,18,0,5,0.0,2,9.0,5,B
462451,1,0,18,0,8,1.0,2,9.0,5,B
462452,1,0,19,0,5,0.0,2,3.0,3,B
462454,1,0,19,0,5,1.0,2,3.0,1,B
462456,1,0,22,0,5,0.0,2,8.0,5,B
462457,1,0,31,0,5,4.0,2,4.0,5,B
462463,1,1,63,0,0,0.0,0,2.0,5,B
462472,1,0,43,1,0,1.0,2,1.0,5,B
462473,1,0,73,0,2,0.0,2,2.0,3,B
462485,0,1,39,0,2,0.0,2,2.0,5,B
462488,1,0,31,1,5,1.0,2,5.0,5,B
462491,1,0,31,1,0,0.0,2,5.0,5,B
462492,1,1,43,0,0,0.0,0,4.0,1,B
462496,1,1,52,0,0,0.0,0,3.0,5,B
462498,0,1,63,1,1,0.0,0,3.0,5,B
462503,1,1,51,1,4,1.0,1,4.0,5,B
462508,1,1,35,1,5,1.0,2,7.0,3,B
462512,0,1,32,0,3,9.0,0,2.0,3,B
462517,0,1,39,1,6,9.0,1,4.0,5,B
462518,0,0,25,0,5,1.0,2,6.0,4,B
462519,1,0,20,0,5,0.0,2,5.0,3,B
462521,0,0,33,0,6,9.0,2,1.0,5,B
462522,1,1,36,0,4,0.0,0,5.0,3,B
462524,0,1,35,1,1,1.0,2,2.0,5,B
462525,0,1,42,1,0,1.0,0,2.0,5,B
462526,0,1,52,1,0,2.0,0,5.0,5,B
462529,0,1,42,1,2,1.0,2,2.0,5,B
462531,0,1,57,0,6,1.0,1,2.0,5,B
462533,0,0,30,1,3,1.0,2,3.0,5,B
462538,0,1,73,1,7,1.0,1,2.0,5,B
462541,1,1,66,1,2,3.0,1,2.0,5,B
462542,0,1,62,1,0,9.0,0,5.0,1,B
462543,0,1,36,1,0,4.0,2,1.0,2,B
462545,1,0,33,0,2,0.0,2,3.0,3,B
462554,1,0,28,0,5,0.0,2,8.0,3,B
462561,0,1,48,1,0,3.0,0,2.0,5,B
462563,0,1,53,1,0,1.0,0,2.0,5,B
462566,0,1,27,0,1,1.0,2,2.0,2,B
462577,0,1,71,0,8,0.0,1,2.0,3,B
462578,1,1,35,1,0,9.0,0,2.0,3,B
462580,0,0,41,1,0,0.0,2,1.0,3,B
462584,0,1,39,0,3,0.0,2,4.0,3,B
462587,0,1,79,0,7,1.0,1,2.0,3,B
462589,0,0,29,0,2,9.0,2,8.0,3,B
462595,0,0,33,1,0,7.0,2,7.0,3,B
462596,0,0,31,0,5,0.0,2,3.0,3,B
462600,1,1,25,0,2,4.0,0,3.0,3,B
462607,0,1,43,0,2,2.0,0,3.0,3,B
462609,0,1,52,0,1,4.0,2,1.0,3,B
462611,1,1,41,0,4,0.0,1,7.0,3,B
462612,0,1,27,0,1,1.0,1,6.0,3,B
462613,0,1,39,0,2,1.0,0,5.0,3,B
462615,1,0,32,0,1,3.0,2,7.0,3,B
462617,1,0,19,0,5,1.0,2,5.0,3,B
462619,1,0,58,0,5,1.0,1,3.0,3,B
462625,1,0,30,1,0,1.0,2,3.0,3,B
462626,0,0,31,1,2,0.0,2,6.0,3,B
462632,0,1,43,0,2,0.0,0,4.0,3,B
462637,0,1,63,0,8,0.0,0,6.0,3,B
462643,0,1,37,1,2,0.0,0,3.0,3,B
462654,1,1,37,0,0,0.0,0,6.0,3,B
462658,0,1,31,1,6,9.0,0,2.0,5,B
462668,0,0,38,1,0,4.0,2,1.0,5,B
462669,0,1,41,1,3,3.0,1,6.0,5,B
462678,0,1,45,1,0,3.0,0,3.0,5,B
462680,1,1,35,1,1,1.0,0,4.0,5,B
462683,0,1,43,0,2,1.0,2,5.0,0,B
462685,0,0,33,0,5,14.0,2,3.0,3,B
462687,1,0,26,0,6,14.0,2,3.0,2,B
462692,0,1,39,0,0,1.0,0,2.0,5,B
462696,1,1,49,0,0,1.0,1,2.0,5,B
462697,1,1,47,0,0,0.0,0,2.0,5,B
462702,1,1,53,0,3,1.0,0,4.0,3,B
462704,1,1,52,1,4,5.0,1,5.0,5,B
462705,0,1,66,0,7,0.0,0,2.0,5,B
462716,1,0,26,0,3,6.0,2,2.0,3,B
462720,1,1,38,1,8,8.0,2,5.0,5,B
462722,0,0,25,0,6,8.0,2,4.0,5,B
462723,0,1,53,0,0,8.0,0,2.0,5,B
462727,0,1,87,0,7,0.0,1,2.0,5,B
462729,1,0,28,0,5,1.0,2,2.0,5,B
462731,0,1,37,1,0,7.0,1,3.0,5,B
462732,0,1,42,1,0,1.0,2,1.0,5,B
462735,0,1,25,0,0,1.0,0,2.0,0,B
462736,0,1,33,0,2,6.0,2,3.0,5,B
462738,0,0,33,1,5,1.0,2,3.0,1,B
462739,1,1,46,1,0,1.0,2,2.0,5,B
462743,1,0,33,0,5,2.0,2,4.0,2,B
462746,1,0,26,0,3,1.0,2,3.0,5,B
462747,1,0,32,0,1,6.0,2,4.0,5,B
462752,0,0,25,0,5,1.0,2,1.0,5,B
462755,0,0,18,0,5,1.0,2,4.0,5,B
462756,0,0,22,0,2,0.0,2,4.0,5,B
462761,1,0,19,0,5,2.0,2,4.0,5,B
462762,1,1,46,1,0,0.0,1,4.0,5,B
462767,1,0,19,0,5,4.0,2,4.0,5,B
462768,1,1,45,1,0,0.0,0,3.0,5,B
462776,0,1,52,1,2,1.0,0,3.0,5,B
462785,0,1,42,1,2,1.0,0,5.0,2,B
462788,1,1,47,0,3,1.0,0,3.0,2,B
462792,1,1,45,0,6,5.0,0,4.0,5,B
462799,1,0,32,0,5,5.0,2,3.0,4,B
462804,1,1,41,0,4,5.0,1,3.0,3,B
462807,0,0,28,1,6,9.0,2,1.0,5,B
462810,1,1,37,0,4,9.0,1,4.0,5,B
462814,0,1,20,0,2,8.0,0,2.0,4,B
462817,0,1,73,1,7,3.0,2,1.0,5,B
462819,1,1,51,1,0,0.0,0,3.0,5,B
462823,1,1,18,1,2,1.0,0,4.0,5,B
462824,1,1,42,0,2,1.0,0,3.0,3,B
462826,1,0,20,0,5,1.0,2,3.0,2,B
462827,0,0,23,0,1,0.0,2,3.0,2,B
462834,1,1,31,1,6,2.0,2,2.0,0,B
462838,0,1,33,1,6,1.0,2,3.0,4,B
462841,1,0,21,0,5,9.0,2,6.0,5,B
462845,1,1,51,1,1,5.0,0,7.0,5,B
462849,1,1,47,1,0,0.0,0,4.0,5,B
462850,1,0,20,0,5,0.0,2,4.0,5,B
462853,1,0,21,0,5,0.0,2,2.0,5,B
462854,1,0,22,0,5,1.0,2,3.0,5,B
462858,0,0,32,1,2,9.0,2,4.0,5,B
462861,0,0,30,1,5,8.0,2,1.0,5,B
462866,1,1,61,1,1,1.0,2,1.0,5,B
462868,1,1,43,0,3,0.0,0,4.0,3,B
462869,1,0,25,1,1,8.0,2,1.0,5,B
462871,1,1,46,0,3,0.0,0,3.0,5,B
462872,0,1,53,0,2,12.0,2,2.0,2,B
462874,1,1,55,1,1,0.0,1,2.0,5,B
462887,0,1,42,0,2,0.0,2,3.0,5,B
462890,0,0,26,1,8,11.0,2,1.0,5,B
462891,1,0,29,0,5,0.0,2,3.0,5,B
462894,1,1,39,1,0,4.0,0,4.0,2,B
462900,1,1,38,1,0,1.0,0,3.0,5,B
462903,1,1,69,1,3,6.0,0,2.0,5,B
462905,0,0,25,0,0,6.0,2,3.0,5,B
462914,0,0,26,1,0,4.0,2,4.0,5,B
462920,1,1,51,0,4,0.0,1,5.0,5,B
462923,1,1,30,0,6,8.0,0,2.0,5,B
462925,0,1,28,0,6,8.0,0,2.0,2,B
462927,0,0,33,0,6,8.0,2,2.0,5,B
462936,0,0,41,1,2,5.0,2,1.0,5,B
462941,1,0,71,0,7,5.0,2,2.0,5,B
462944,1,1,42,1,4,5.0,1,3.0,5,B
462951,1,1,71,1,7,2.0,2,1.0,5,B
462956,1,1,35,0,0,6.0,0,5.0,5,B
462958,1,0,28,0,8,0.0,2,5.0,5,B
462963,1,1,31,1,0,1.0,0,2.0,2,B
462966,1,1,43,1,0,2.0,0,3.0,5,B
462968,0,1,77,0,7,0.0,1,2.0,5,B
462971,0,1,71,1,2,0.0,2,1.0,5,B
462976,0,1,47,1,2,0.0,0,2.0,5,B
462981,0,0,26,0,6,9.0,2,1.0,5,B
462982,1,1,40,0,1,4.0,0,4.0,5,B
462983,0,1,72,1,7,0.0,1,2.0,5,B
462984,0,1,73,1,0,1.0,1,2.0,5,B
462986,1,0,26,1,5,1.0,2,6.0,2,B
462992,0,1,57,1,2,10.0,1,3.0,2,B
462993,1,1,30,0,0,10.0,0,3.0,5,B
462994,0,1,36,0,0,10.0,0,3.0,5,B
462998,1,1,52,0,3,10.0,0,4.0,5,B
463003,1,1,42,1,0,3.0,0,2.0,5,B
463012,1,1,52,0,2,0.0,2,1.0,5,B
463020,1,1,28,1,0,0.0,0,3.0,0,B
463023,0,1,43,0,6,7.0,2,1.0,5,B
463024,1,0,43,1,0,0.0,2,1.0,5,B
463028,1,0,25,0,1,0.0,2,4.0,5,B
463030,1,1,52,1,4,1.0,1,3.0,5,B
463034,0,0,28,1,6,9.0,2,1.0,5,B
463037,1,1,56,1,3,0.0,0,4.0,5,B
463039,1,1,38,0,4,12.0,1,7.0,5,B
463040,1,1,83,0,7,1.0,1,2.0,5,B
463044,1,1,82,1,7,8.0,1,2.0,5,B
463047,1,1,32,1,6,8.0,2,1.0,5,B
463051,0,0,35,1,6,12.0,2,1.0,5,B
463052,1,1,40,1,8,0.0,2,2.0,5,B
463058,0,0,25,1,6,13.0,2,1.0,5,B
463062,0,1,39,1,0,7.0,0,3.0,5,B
463069,1,0,25,1,0,7.0,2,1.0,5,B
463075,1,1,52,1,0,0.0,2,4.0,5,B
463080,1,0,33,0,0,0.0,2,4.0,4,B
463083,1,0,28,1,0,6.0,2,3.0,5,B
463085,0,0,43,1,0,0.0,2,1.0,5,B
463086,1,0,30,1,0,8.0,2,2.0,4,B
463088,0,1,84,1,7,1.0,1,2.0,5,B
463089,1,1,48,1,4,6.0,1,4.0,5,B
463090,0,1,55,0,2,3.0,0,2.0,5,B
463091,0,1,37,1,6,8.0,2,1.0,5,B
463094,1,1,38,1,2,11.0,0,3.0,5,B
463096,0,0,28,1,1,9.0,2,3.0,5,B
463099,1,1,86,1,7,9.0,2,1.0,5,B
463100,0,0,35,0,6,9.0,2,1.0,5,B
463102,1,0,35,0,3,0.0,2,2.0,5,B
463104,0,1,46,0,7,0.0,2,1.0,5,B
463106,0,1,79,1,7,0.0,2,1.0,5,B
463108,1,1,63,1,7,5.0,1,2.0,5,B
463118,0,1,50,1,1,0.0,1,3.0,5,B
463120,0,0,35,1,3,0.0,2,1.0,5,B
463129,1,1,65,0,1,0.0,2,1.0,5,B
463133,1,1,50,0,0,0.0,0,4.0,5,B
463138,0,0,27,0,6,0.0,2,3.0,2,B
463144,1,1,45,1,4,0.0,1,3.0,5,B
463145,0,0,36,1,6,0.0,2,4.0,5,B
463146,1,1,43,0,3,11.0,0,2.0,5,B
463148,1,1,62,1,8,1.0,1,5.0,5,B
463149,1,1,57,1,0,2.0,0,2.0,5,B
463150,1,0,51,0,8,9.0,2,1.0,5,B
463151,1,1,59,1,0,0.0,2,1.0,2,B
463154,0,1,27,0,0,0.0,2,4.0,5,B
463156,0,1,83,0,7,6.0,1,2.0,5,B
463157,1,1,50,1,3,6.0,2,3.0,5,B
463158,1,1,75,1,4,1.0,1,3.0,5,B
463163,1,0,28,0,4,2.0,2,2.0,2,B
463164,1,1,39,1,0,9.0,0,2.0,5,B
463165,0,1,69,1,1,0.0,0,2.0,5,B
463166,0,0,41,1,0,1.0,2,1.0,3,B
463170,0,0,28,1,5,0.0,2,5.0,2,B
463171,0,1,39,0,3,1.0,1,3.0,2,B
463173,1,0,47,1,0,0.0,2,1.0,2,B
463174,0,1,62,1,2,1.0,2,1.0,2,B
463175,0,1,41,0,2,0.0,2,4.0,2,B
463181,1,1,49,1,1,5.0,0,3.0,4,B
463187,0,1,52,1,0,8.0,2,2.0,5,B
463192,0,1,48,0,3,2.0,0,2.0,3,B
463195,0,0,26,1,5,7.0,2,2.0,2,B
463196,0,1,72,1,2,1.0,2,1.0,5,B
463199,0,1,47,1,0,0.0,2,3.0,3,B
463201,0,0,19,0,5,1.0,2,2.0,3,B
463203,0,0,21,0,5,1.0,2,3.0,6,B
463204,1,0,39,0,3,1.0,2,1.0,5,B
463209,0,0,52,1,0,0.0,2,1.0,5,B
463218,1,1,37,0,3,8.0,0,3.0,5,B
463219,1,1,51,0,3,0.0,2,2.0,5,B
463220,1,1,48,0,2,1.0,0,3.0,5,B
463221,1,0,22,0,5,1.0,2,3.0,5,B
463224,1,1,47,1,4,1.0,1,4.0,5,B
463240,0,1,45,0,2,0.0,0,3.0,5,B
463242,0,0,29,0,2,5.0,2,2.0,5,B
463244,0,1,47,0,1,1.0,2,1.0,5,B
463245,1,1,41,1,3,8.0,0,2.0,5,B
463248,0,1,32,0,6,9.0,0,4.0,1,B
463251,1,1,31,0,8,2.0,2,3.0,5,B
463256,1,0,20,0,8,1.0,2,3.0,5,B
463258,0,1,46,1,0,0.0,0,3.0,5,B
463260,1,1,70,1,7,3.0,2,1.0,5,B
463265,1,1,65,1,0,1.0,0,3.0,5,B
463266,0,1,68,0,0,1.0,0,2.0,5,B
463267,1,1,29,0,6,9.0,2,1.0,3,B
463269,1,1,41,1,3,3.0,0,2.0,2,B
463270,1,1,50,0,4,0.0,2,5.0,2,B
463273,1,1,38,1,3,9.0,0,2.0,2,B
463276,1,1,37,0,4,6.0,0,2.0,2,B
463277,0,1,30,0,2,6.0,2,2.0,2,B
463278,0,1,63,1,2,1.0,2,1.0,2,B
463280,1,1,42,1,0,6.0,0,2.0,2,B
463292,1,1,41,0,4,0.0,1,3.0,5,B
463302,0,1,60,1,2,1.0,1,4.0,5,B
463308,1,1,46,1,2,1.0,2,2.0,2,B
463316,0,1,83,0,7,0.0,1,2.0,5,B
463323,1,1,27,1,5,3.0,2,2.0,5,B
463324,0,0,22,0,5,1.0,2,4.0,1,B
463330,1,0,20,0,5,0.0,2,4.0,5,B
463332,0,1,40,1,2,0.0,2,2.0,5,B
463334,0,0,28,1,1,0.0,2,6.0,3,B
463335,1,0,28,1,1,0.0,2,1.0,3,B
463338,1,1,28,0,3,0.0,2,2.0,2,B
463340,0,0,20,0,5,0.0,2,4.0,2,B
463341,0,1,53,0,2,0.0,0,6.0,2,B
463348,0,1,35,1,1,0.0,2,2.0,5,B
463351,0,0,21,1,5,3.0,2,4.0,4,B
463356,1,0,30,1,5,6.0,2,4.0,1,B
463360,0,1,46,1,0,2.0,2,1.0,5,B
463367,0,0,36,1,2,3.0,2,4.0,1,B
463368,0,1,38,1,0,4.0,1,3.0,1,B
463372,0,1,26,0,8,1.0,0,2.0,3,B
463375,0,1,45,1,1,1.0,2,1.0,3,B
463376,0,1,46,1,4,5.0,1,2.0,5,B
463378,1,0,25,1,1,0.0,2,1.0,2,B
463379,1,0,27,0,8,0.0,2,7.0,5,B
463386,0,1,42,1,1,6.0,2,1.0,2,B
463387,1,1,20,0,8,3.0,2,2.0,2,B
463391,1,1,55,1,1,6.0,2,1.0,2,B
463395,1,0,25,0,8,0.0,2,1.0,5,B
463404,1,1,27,0,1,0.0,1,2.0,2,B
463406,1,0,31,0,8,0.0,2,4.0,2,B
463409,0,1,38,0,3,6.0,0,5.0,1,B
463411,1,1,43,1,3,2.0,0,2.0,5,B
463420,0,1,59,1,0,2.0,1,3.0,5,B
463423,1,1,61,0,4,1.0,0,3.0,5,B
463427,0,1,27,1,2,1.0,2,2.0,5,B
463428,1,1,26,0,4,1.0,1,5.0,5,B
463431,1,1,39,1,0,0.0,0,4.0,3,B
463437,1,1,51,1,0,0.0,0,3.0,5,B
463438,1,1,47,0,3,0.0,0,3.0,5,B
463443,1,1,52,1,0,1.0,0,4.0,5,B
463444,1,1,59,1,7,1.0,1,2.0,5,B
463447,1,1,57,0,2,1.0,0,2.0,5,B
463452,0,1,86,1,7,1.0,1,2.0,5,B
463460,1,1,49,1,0,0.0,0,2.0,5,B
463461,1,0,30,0,1,0.0,2,4.0,3,B
463462,0,1,43,0,2,0.0,0,4.0,5,B
463470,1,0,19,0,5,0.0,2,5.0,1,B
463472,1,0,20,0,5,0.0,2,4.0,5,B
463473,1,0,19,0,5,0.0,2,3.0,5,B
463475,0,1,43,1,1,0.0,2,1.0,5,B
463477,1,0,31,0,5,0.0,2,4.0,3,B
463483,1,1,30,0,4,1.0,1,2.0,5,B
463491,1,1,27,1,1,8.0,0,3.0,5,B
463493,1,1,36,1,4,0.0,1,4.0,5,B
463499,1,1,47,1,4,0.0,2,2.0,5,B
463500,1,1,35,1,4,1.0,1,4.0,5,B
463503,1,1,25,1,3,0.0,2,2.0,6,B
463508,0,1,25,0,0,0.0,2,3.0,5,B
463509,1,0,38,0,0,1.0,2,1.0,2,B
463512,0,0,32,0,2,0.0,2,3.0,5,B
463516,1,1,48,0,4,1.0,1,6.0,5,B
463527,0,0,38,0,0,10.0,2,1.0,5,B
463528,1,1,70,0,4,1.0,1,2.0,5,B
463529,1,0,42,1,8,1.0,2,1.0,5,B
463533,0,1,85,1,0,1.0,1,2.0,1,B
463537,0,0,25,1,5,1.0,2,3.0,5,B
463545,0,0,31,1,1,1.0,2,2.0,3,B
463548,0,0,20,0,5,3.0,2,4.0,3,B
463550,0,1,37,1,0,0.0,0,2.0,3,B
463553,1,0,33,1,0,8.0,2,2.0,5,B
463554,0,0,52,0,0,5.0,2,1.0,5,B
463557,1,0,26,1,1,0.0,2,3.0,5,B
463560,0,0,21,0,5,9.0,2,5.0,3,B
463561,0,0,42,1,2,0.0,2,1.0,5,B
463566,0,1,35,1,6,0.0,0,4.0,1,B
463572,1,1,39,1,0,0.0,0,4.0,5,B
463577,0,1,41,1,1,1.0,0,2.0,5,B
463586,0,0,18,0,5,1.0,2,5.0,5,B
463588,1,0,22,0,5,0.0,2,1.0,5,B
463598,0,1,25,0,2,2.0,2,2.0,5,B
463601,0,0,20,0,5,4.0,2,5.0,1,B
463603,0,0,18,0,3,0.0,2,4.0,1,B
463605,0,0,20,0,5,1.0,2,5.0,4,B
463606,1,0,21,0,8,0.0,2,4.0,1,B
463614,0,0,25,0,5,1.0,2,4.0,2,B
463615,0,1,60,1,0,0.0,0,2.0,5,B
463616,0,1,46,0,2,0.0,0,5.0,2,B
463619,1,1,68,0,4,1.0,1,2.0,5,B
463620,1,0,21,0,5,1.0,2,4.0,1,B
463623,1,0,27,1,1,0.0,2,3.0,5,B
463624,1,1,59,1,4,1.0,1,4.0,5,B
463628,0,0,26,1,0,8.0,2,1.0,5,B
463632,1,1,26,1,0,0.0,0,2.0,5,B
463638,0,1,32,0,1,1.0,0,2.0,6,B
463639,1,0,33,0,5,0.0,2,6.0,5,B
463640,1,0,28,1,5,0.0,2,3.0,5,B
463644,0,0,30,1,5,0.0,2,3.0,6,B
463652,0,0,32,1,0,3.0,2,1.0,5,B
463654,0,0,41,0,2,3.0,2,3.0,2,B
463655,1,1,42,1,0,13.0,2,2.0,5,B
463661,0,1,45,1,1,1.0,0,4.0,5,B
463663,0,0,39,1,1,1.0,2,2.0,5,B
463664,0,0,29,0,2,0.0,2,1.0,5,B
463665,1,1,46,1,3,1.0,0,3.0,5,B
463669,0,1,26,1,8,5.0,1,4.0,1,B
463670,0,0,26,1,5,1.0,2,4.0,5,B
463689,0,1,41,1,1,1.0,2,3.0,5,B
463699,0,1,38,1,8,9.0,2,3.0,5,B
463703,1,1,69,0,4,1.0,1,4.0,5,B
463704,1,0,46,1,0,0.0,2,2.0,5,B
463707,0,0,40,0,0,0.0,2,1.0,4,B
463713,1,0,25,0,2,9.0,2,3.0,3,B
463714,1,1,59,0,2,1.0,0,2.0,3,B
463716,1,0,26,0,1,1.0,2,4.0,5,B
463718,0,0,33,1,0,0.0,2,4.0,5,B
463722,1,1,56,1,4,8.0,1,2.0,5,B
463724,1,0,30,0,5,0.0,2,5.0,3,B
463726,0,0,26,0,5,0.0,2,3.0,5,B
463727,0,0,28,0,1,0.0,2,5.0,2,B
463728,0,1,28,0,1,0.0,0,6.0,5,B
463732,1,0,20,0,5,1.0,2,4.0,5,B
463734,1,1,41,0,4,1.0,0,3.0,5,B
463741,1,1,37,1,0,0.0,1,3.0,5,B
463745,1,1,59,1,0,1.0,0,3.0,2,B
463747,0,1,43,1,0,0.0,0,2.0,5,B
463748,1,0,20,0,5,1.0,2,3.0,5,B
463753,0,0,30,1,5,1.0,2,5.0,1,B
463756,1,1,66,0,4,0.0,0,2.0,5,B
463761,1,1,28,1,0,1.0,0,3.0,5,B
463764,1,1,49,1,3,0.0,0,3.0,5,B
463766,0,1,61,1,0,0.0,0,3.0,5,B
463767,1,1,27,1,0,9.0,0,2.0,5,B
463768,0,1,35,0,2,1.0,2,1.0,3,B
463774,1,1,33,1,5,0.0,0,2.0,5,B
463776,0,1,36,1,0,2.0,0,2.0,5,B
463782,0,0,27,1,0,9.0,2,1.0,5,B
463783,0,0,29,0,5,1.0,2,5.0,3,B
463784,0,0,31,0,2,1.0,2,5.0,3,B
463785,0,0,30,0,5,0.0,2,4.0,3,B
463786,0,1,43,1,0,1.0,0,2.0,5,B
463790,1,1,47,0,4,1.0,2,4.0,3,B
463792,0,0,42,0,2,1.0,2,1.0,5,B
463794,0,0,33,1,5,1.0,2,5.0,1,B
463799,0,0,36,1,0,1.0,2,4.0,1,B
463800,0,0,30,1,2,1.0,2,3.0,5,B
463804,1,1,60,1,0,9.0,2,1.0,5,B
463807,0,0,32,1,5,0.0,2,3.0,3,B
463811,0,1,32,1,0,0.0,0,2.0,3,B
463814,0,0,28,0,5,7.0,2,3.0,4,B
463816,1,1,46,1,5,2.0,1,4.0,6,B
463818,0,1,38,1,0,4.0,2,1.0,5,B
463819,1,1,28,1,0,8.0,2,2.0,5,B
463821,1,1,30,1,3,7.0,2,2.0,5,B
463825,0,1,52,1,0,0.0,0,3.0,5,B
463827,0,1,46,1,2,1.0,0,4.0,5,B
463828,1,1,37,0,2,0.0,0,2.0,0,B
463830,0,0,25,1,2,2.0,2,3.0,5,B
463834,0,1,43,1,2,1.0,0,4.0,5,B
463835,1,0,32,0,8,0.0,2,4.0,5,B
463842,0,1,50,1,2,1.0,1,4.0,5,B
463847,1,1,43,0,0,3.0,0,3.0,5,B
463856,1,1,37,1,0,0.0,0,2.0,3,B
463857,1,1,61,0,5,0.0,1,4.0,6,B
463859,1,1,39,1,0,5.0,0,2.0,5,B
463865,1,1,46,1,0,1.0,0,5.0,5,B
463877,1,1,37,0,3,0.0,0,4.0,3,B
463880,0,1,36,0,2,0.0,2,3.0,1,B
463884,0,0,28,0,0,0.0,2,1.0,5,B
463891,1,1,86,1,7,0.0,2,1.0,5,B
463892,1,0,42,1,0,8.0,2,1.0,5,B
463904,1,1,82,1,4,1.0,2,1.0,5,B
463917,0,0,18,0,5,1.0,2,8.0,3,B
463923,0,0,18,0,2,0.0,2,4.0,5,B
463924,0,0,36,1,0,1.0,2,1.0,4,B
463926,0,0,26,0,2,1.0,2,6.0,5,B
463931,1,1,49,1,3,1.0,0,2.0,5,B
463932,0,1,69,1,0,1.0,0,3.0,5,B
463941,0,0,29,0,0,1.0,2,6.0,3,B
463943,1,0,68,1,3,1.0,2,2.0,5,B
463946,1,0,33,0,5,4.0,2,3.0,3,B
463948,1,1,38,0,4,3.0,1,5.0,5,B
463951,1,1,52,0,3,1.0,0,3.0,5,B
463955,1,1,28,1,0,1.0,2,2.0,5,B
463958,0,0,27,0,5,1.0,2,5.0,1,B
463961,0,0,28,0,2,0.0,2,4.0,3,B
463963,0,1,25,0,2,7.0,1,3.0,5,B
463966,0,0,30,1,0,8.0,2,1.0,5,B
463978,1,1,40,1,0,1.0,0,3.0,1,B
463980,0,0,25,1,0,0.0,2,9.0,5,B
463981,0,0,30,1,0,5.0,2,1.0,3,B
463983,0,1,43,0,2,0.0,0,2.0,3,B
463986,0,0,26,1,0,1.0,2,4.0,5,B
463997,0,1,37,0,3,0.0,0,3.0,5,B
464000,0,0,28,0,5,1.0,2,5.0,6,B
464004,0,1,31,0,8,1.0,2,5.0,3,B
464007,1,1,46,1,0,1.0,2,3.0,5,B
464009,0,1,47,1,0,5.0,0,4.0,5,B
464010,1,0,28,0,5,1.0,2,4.0,5,B
464013,1,0,30,0,5,0.0,2,1.0,5,B
464016,0,0,29,1,3,1.0,1,1.0,0,B
464019,1,0,23,0,0,2.0,2,5.0,5,B
464021,0,0,22,0,5,1.0,2,5.0,5,B
464023,1,0,20,0,5,1.0,2,5.0,6,B
464030,1,0,22,0,3,1.0,2,4.0,5,B
464031,0,0,19,0,5,0.0,2,4.0,5,B
464032,1,0,21,0,5,1.0,2,3.0,5,B
464033,0,0,19,0,5,0.0,2,4.0,5,B
464039,1,0,39,1,0,1.0,2,2.0,5,B
464042,0,1,38,1,0,8.0,2,2.0,5,B
464046,1,0,33,1,5,3.0,2,1.0,5,B
464048,0,0,38,1,6,4.0,2,1.0,5,B
464049,0,0,29,1,5,0.0,2,3.0,5,B
464053,0,1,35,0,3,4.0,2,1.0,5,B
464054,1,1,32,1,0,9.0,0,2.0,5,B
464059,1,1,59,1,0,0.0,2,1.0,5,B
464063,0,0,32,1,1,0.0,2,1.0,5,B
464066,0,0,29,1,5,8.0,2,3.0,3,B
464067,0,0,31,1,3,0.0,2,4.0,1,B
464068,1,1,59,0,4,0.0,1,4.0,5,B
464071,1,1,87,1,7,0.0,1,2.0,5,B
464072,1,1,53,1,4,0.0,2,2.0,5,B
464076,1,1,83,0,7,0.0,1,2.0,5,B
464084,1,0,33,0,5,1.0,2,5.0,3,B
464087,0,0,26,0,2,7.0,2,4.0,5,B
464089,0,1,39,1,0,7.0,1,5.0,3,B
464096,0,0,27,0,5,1.0,2,5.0,3,B
464099,0,1,42,1,0,5.0,0,2.0,3,B
464103,1,1,46,1,0,4.0,0,2.0,5,B
464110,1,1,63,1,1,0.0,1,2.0,5,B
464112,1,0,32,1,1,1.0,2,2.0,5,B
464115,0,0,38,1,2,0.0,2,3.0,5,B
464118,1,0,38,1,3,1.0,2,2.0,5,B
464121,0,1,63,1,2,1.0,2,1.0,5,B
464123,0,0,45,1,0,1.0,2,1.0,5,B
464127,0,0,33,1,5,1.0,2,5.0,1,B
464132,1,0,27,0,3,0.0,2,2.0,5,B
464137,0,1,87,0,0,7.0,1,2.0,6,B
464139,0,0,25,0,5,14.0,2,1.0,5,B
464144,1,1,61,1,0,0.0,0,4.0,5,B
464152,1,1,41,1,0,1.0,1,4.0,5,B
464162,1,1,86,1,7,4.0,1,2.0,5,B
464167,1,1,51,1,4,4.0,1,3.0,5,B
464169,1,1,83,0,7,0.0,1,2.0,5,B
464172,1,1,60,1,0,3.0,1,3.0,5,B
464173,1,1,65,1,0,6.0,0,3.0,5,B
464175,0,0,32,0,5,1.0,2,1.0,5,B
464176,0,1,41,1,0,1.0,2,1.0,5,B
464179,0,1,56,1,0,0.0,0,3.0,5,B
464180,0,1,74,0,7,1.0,1,2.0,5,B
464182,1,1,39,1,0,4.0,0,2.0,1,B
464183,0,0,42,0,0,2.0,2,2.0,5,B
464185,1,1,68,1,0,5.0,1,2.0,5,B
464195,1,0,30,1,0,1.0,2,1.0,5,B
464200,0,0,32,0,5,1.0,2,3.0,5,B
464202,1,1,43,1,0,13.0,2,1.0,5,B
464204,0,1,40,1,0,3.0,1,2.0,4,B
464205,0,1,87,0,3,0.0,1,2.0,5,B
464206,1,1,43,0,3,1.0,2,2.0,5,B
464211,1,1,48,1,1,1.0,0,3.0,1,B
464212,0,1,58,1,8,0.0,0,2.0,5,B
464216,1,1,52,1,0,14.0,1,3.0,5,B
464217,0,0,30,0,5,14.0,2,3.0,5,B
464223,0,1,53,1,0,2.0,2,2.0,5,B
464226,0,1,56,1,0,3.0,0,3.0,5,B
464231,1,1,48,1,0,1.0,0,4.0,5,B
464232,1,1,28,0,1,1.0,2,5.0,5,B
464246,0,1,61,1,0,0.0,0,2.0,5,B
464254,1,1,62,1,3,1.0,0,3.0,5,B
464255,0,1,49,1,0,1.0,0,5.0,3,B
464257,1,1,40,1,3,0.0,1,2.0,5,B
464265,1,1,62,1,3,1.0,2,2.0,5,B
464269,1,0,35,1,3,1.0,2,1.0,0,B
464270,0,0,48,1,0,4.0,2,1.0,5,B
464271,0,1,36,1,0,1.0,0,3.0,1,B
464274,0,1,56,1,0,1.0,0,5.0,5,B
464276,0,1,66,0,8,0.0,1,2.0,0,B
464283,1,0,40,1,0,6.0,2,2.0,5,B
464286,0,1,57,1,0,0.0,0,2.0,5,B
464287,1,1,42,1,0,1.0,0,3.0,1,B
464289,1,1,35,0,8,1.0,2,3.0,5,B
464292,1,1,58,1,0,0.0,0,2.0,5,B
464297,1,0,29,0,0,8.0,2,5.0,4,B
464298,1,0,26,0,1,0.0,2,1.0,5,B
464308,0,1,84,1,7,1.0,1,2.0,5,B
464318,1,1,86,1,4,0.0,2,1.0,5,B
464320,1,1,77,0,7,1.0,1,2.0,5,B
464326,0,0,37,1,0,0.0,2,3.0,5,B
464332,1,1,74,0,4,0.0,1,2.0,5,B
464339,1,0,27,0,0,1.0,2,2.0,5,B
464344,0,1,56,1,0,0.0,2,1.0,5,B
464351,0,0,27,1,5,0.0,2,1.0,5,B
464364,1,1,39,1,0,7.0,0,2.0,5,B
464368,1,1,35,1,3,3.0,0,2.0,5,B
464370,1,1,66,1,3,1.0,0,2.0,5,B
464373,0,0,47,1,0,0.0,2,2.0,5,B
464378,0,1,36,1,0,8.0,0,2.0,5,B
464381,1,1,43,1,0,4.0,0,2.0,5,B
464382,0,1,55,1,0,0.0,0,4.0,5,B
464386,1,1,41,1,1,0.0,0,3.0,5,B
464387,0,0,26,1,0,9.0,2,5.0,5,B
464389,1,1,72,1,0,0.0,1,2.0,1,B
464392,1,1,59,1,0,0.0,0,2.0,5,B
464396,1,1,38,1,3,1.0,0,3.0,5,B
464412,1,1,72,0,7,1.0,2,2.0,5,B
464424,1,0,31,1,5,1.0,2,4.0,5,B
464425,1,0,41,1,0,9.0,2,1.0,5,B
464432,1,0,25,0,2,9.0,2,2.0,2,B
464433,1,0,29,1,0,0.0,2,2.0,1,B
464436,1,1,83,1,7,0.0,1,2.0,3,B
464437,0,1,51,1,2,0.0,0,4.0,5,B
464441,1,1,40,1,0,0.0,2,2.0,1,B
464451,0,1,76,1,0,0.0,0,2.0,5,B
464456,1,1,29,1,0,1.0,2,4.0,5,B
464468,1,1,46,1,0,1.0,2,3.0,5,B
464473,0,1,58,1,0,0.0,0,4.0,5,B
464474,0,0,46,1,0,1.0,2,1.0,5,B
464478,0,1,74,0,7,0.0,1,2.0,5,B
464481,1,1,53,1,4,1.0,1,3.0,5,B
464482,1,1,63,1,0,1.0,2,1.0,5,B
464483,0,1,49,1,0,1.0,0,3.0,5,B
464485,1,0,25,1,3,5.0,2,2.0,2,B
464487,1,0,46,0,2,1.0,2,3.0,3,B
464488,0,0,43,1,0,7.0,2,9.0,5,B
464494,0,1,58,1,0,1.0,0,4.0,2,B
464499,1,1,41,1,4,1.0,1,4.0,5,B
464501,0,0,28,0,5,1.0,2,3.0,5,B
464504,1,0,26,1,5,0.0,2,4.0,5,B
464506,1,0,29,1,5,9.0,2,2.0,3,B
464517,1,0,33,1,5,0.0,2,1.0,4,B
464522,0,0,39,1,2,14.0,2,1.0,5,B
464526,1,1,51,1,3,0.0,0,4.0,5,B
464528,1,1,46,1,3,4.0,1,4.0,1,B
464533,1,1,38,0,4,1.0,1,6.0,5,B
464536,1,1,26,1,0,1.0,0,3.0,5,B
464540,0,1,42,1,2,1.0,0,4.0,3,B
464544,0,1,43,1,3,5.0,0,3.0,5,B
464549,1,1,53,1,4,1.0,2,4.0,5,B
464550,1,1,46,1,0,1.0,2,4.0,5,B
464552,0,1,40,1,0,1.0,0,3.0,3,B
464553,1,1,71,1,0,1.0,2,2.0,5,B
464555,1,1,32,1,8,13.0,1,4.0,3,B
464560,1,0,41,1,3,9.0,2,2.0,5,B
464561,0,0,46,1,3,8.0,2,2.0,5,B
464566,1,1,40,1,4,0.0,1,4.0,5,B
464569,1,0,29,0,1,1.0,2,5.0,5,B
464570,1,1,25,1,1,1.0,0,2.0,5,B
464572,0,1,52,1,8,0.0,2,1.0,5,B
464576,1,0,30,1,1,9.0,2,5.0,5,B
464577,0,1,25,1,5,12.0,1,2.0,5,B
464580,1,0,32,0,0,9.0,2,4.0,5,B
464581,0,0,33,0,1,1.0,2,4.0,5,B
464586,0,0,49,1,0,1.0,2,1.0,2,B
464593,0,0,43,1,1,1.0,2,4.0,1,B
464594,1,1,48,1,0,1.0,2,1.0,1,B
464597,1,0,41,0,0,5.0,2,2.0,5,B
464601,0,0,29,1,5,9.0,2,2.0,5,B
464603,0,0,35,1,0,0.0,2,2.0,2,B
464606,1,1,41,1,0,1.0,0,2.0,5,B
464607,0,1,47,1,0,1.0,0,4.0,1,B
464608,0,1,53,1,0,1.0,0,3.0,5,B
464618,1,1,40,1,0,5.0,2,1.0,5,B
464620,0,1,40,1,0,0.0,1,2.0,5,B
464621,1,1,46,1,0,0.0,2,1.0,5,B
464637,0,0,36,1,8,2.0,2,4.0,3,B
464641,0,1,71,1,7,2.0,2,6.0,0,B
464652,0,1,30,0,2,5.0,0,2.0,3,B
464654,0,1,40,0,2,1.0,0,4.0,3,B
464664,1,1,43,0,3,0.0,0,5.0,3,B
464666,1,1,40,1,3,3.0,0,3.0,3,B
464670,1,1,39,0,3,1.0,0,4.0,3,B
464673,1,1,49,0,4,1.0,1,7.0,1,B
464674,1,1,51,0,0,0.0,0,5.0,3,B
464675,0,1,39,0,1,1.0,0,9.0,3,B
464677,1,1,23,0,5,1.0,2,5.0,3,B
464683,1,1,53,0,2,0.0,0,6.0,3,B
464684,0,0,35,0,2,9.0,2,5.0,3,B
464685,1,0,35,0,4,2.0,2,4.0,3,B
464688,1,1,30,1,1,1.0,2,9.0,3,B
464690,1,1,39,0,2,2.0,0,3.0,3,B
464691,1,0,38,1,0,1.0,2,3.0,3,B
464692,0,0,53,0,8,0.0,2,1.0,2,B
464693,0,0,36,1,2,8.0,2,1.0,3,B
464695,1,0,33,0,2,0.0,2,4.0,3,B
464696,0,0,40,1,2,1.0,2,1.0,3,B
464697,0,1,36,1,0,0.0,0,4.0,3,B
464699,1,0,31,0,1,1.0,2,5.0,3,B
464701,1,0,31,0,1,1.0,2,2.0,3,B
464704,1,1,41,1,5,0.0,0,4.0,3,B
464707,1,1,48,0,5,0.0,0,4.0,3,B
464711,0,1,38,1,0,5.0,0,3.0,0,B
464712,1,1,49,0,0,1.0,2,5.0,3,B
464722,1,1,42,1,1,1.0,2,9.0,3,B
464726,1,1,28,1,4,14.0,1,9.0,3,B
464728,1,1,51,0,3,0.0,1,4.0,3,B
464732,1,1,41,0,0,1.0,0,2.0,3,B
464737,0,1,57,0,2,0.0,0,6.0,3,B
464739,1,1,67,1,0,0.0,2,1.0,3,B
464746,1,1,29,0,4,3.0,0,5.0,3,B
464752,0,1,46,1,8,0.0,2,1.0,3,B
464755,1,1,49,1,0,0.0,1,2.0,5,B
464756,0,0,28,0,2,6.0,2,3.0,3,B
464758,0,1,48,0,2,1.0,0,4.0,3,B
464760,0,1,51,0,2,5.0,0,4.0,3,B
464765,0,1,48,0,2,5.0,0,6.0,3,B
464766,0,1,48,0,2,5.0,0,5.0,3,B
464769,0,1,52,0,2,9.0,0,4.0,3,B
464772,0,1,39,0,2,8.0,0,4.0,3,B
464774,0,1,50,0,2,7.0,0,5.0,3,B
464780,0,0,33,0,2,1.0,2,9.0,3,B
464790,0,0,35,1,0,2.0,2,1.0,3,B
464792,1,1,30,0,8,2.0,1,5.0,3,B
464794,0,1,46,0,2,8.0,0,4.0,3,B
464799,1,0,36,0,8,0.0,2,4.0,3,B
464802,1,0,43,0,3,0.0,2,1.0,3,B
464804,1,1,26,0,3,1.0,2,1.0,3,B
464806,1,1,33,0,4,0.0,2,2.0,3,B
464809,1,1,50,1,3,1.0,0,5.0,3,B
464812,0,1,49,1,2,1.0,1,5.0,3,B
464813,1,1,48,1,2,6.0,0,5.0,5,B
464817,1,0,31,1,0,5.0,2,1.0,3,B
464818,0,1,38,0,2,5.0,0,2.0,3,B
464825,0,0,21,0,5,5.0,2,1.0,3,B
464827,0,1,50,0,3,8.0,0,5.0,3,B
464828,1,0,23,0,5,9.0,2,6.0,3,B
464831,0,1,21,0,5,0.0,2,2.0,3,B
464832,1,1,71,0,7,1.0,2,6.0,3,B
464835,1,0,20,0,5,0.0,2,6.0,3,B
464836,0,0,32,0,2,7.0,1,5.0,3,B
464845,1,1,29,0,2,0.0,0,3.0,3,B
464849,1,1,42,1,0,0.0,0,4.0,3,B
464851,1,0,20,0,1,0.0,2,6.0,3,B
464852,1,1,36,0,4,1.0,2,6.0,3,B
464854,0,1,42,0,2,0.0,1,6.0,3,B
464857,1,0,18,0,5,7.0,2,4.0,3,B
464861,1,0,25,0,6,10.0,2,2.0,3,B
464864,0,0,30,0,2,10.0,2,8.0,3,B
464865,0,0,28,0,6,9.0,2,9.0,3,B
464868,1,1,42,1,3,7.0,2,6.0,3,B
464872,1,1,38,1,0,1.0,2,4.0,3,B
464873,1,1,42,1,0,1.0,0,2.0,3,B
464876,0,1,52,0,2,0.0,0,5.0,3,B
464879,0,1,29,1,1,0.0,0,2.0,3,B
464884,1,1,40,1,0,1.0,2,2.0,3,B
464885,0,0,38,0,2,1.0,2,2.0,3,B
464886,1,1,37,1,2,1.0,0,4.0,3,B
464902,0,1,65,0,7,1.0,2,1.0,3,B
464905,1,1,81,0,4,0.0,1,2.0,3,B
464907,1,1,59,1,2,0.0,0,2.0,3,B
464910,0,1,47,1,0,1.0,0,5.0,3,B
464911,1,1,57,1,0,0.0,0,3.0,3,B
464915,1,1,39,1,4,8.0,1,4.0,3,B
464916,0,1,32,1,1,8.0,1,2.0,3,B
464919,1,1,37,1,0,9.0,2,1.0,3,B
464920,1,0,39,1,0,4.0,2,1.0,3,B
464921,1,1,39,0,1,1.0,0,5.0,3,B
464925,1,1,60,0,4,7.0,0,2.0,3,B
464927,0,1,70,1,0,1.0,0,2.0,3,B
464932,1,1,51,1,4,9.0,2,1.0,3,B
464938,1,1,48,0,0,1.0,2,3.0,3,B
464939,1,0,43,0,3,0.0,2,1.0,3,B
464940,0,1,29,0,2,1.0,2,2.0,3,B
464944,0,1,43,1,3,0.0,2,2.0,3,B
464947,1,0,25,0,1,5.0,2,1.0,3,B
464957,0,1,75,0,7,0.0,2,1.0,3,B
464960,0,0,22,0,5,0.0,2,5.0,3,B
464961,1,1,86,0,8,1.0,2,1.0,3,B
464963,0,1,50,1,3,1.0,2,2.0,3,B
464972,1,1,73,0,7,1.0,1,9.0,3,B
464973,1,0,87,1,7,1.0,2,2.0,3,B
464981,1,1,49,1,0,0.0,0,4.0,5,B
464987,1,1,46,1,4,1.0,1,5.0,5,B
464990,1,1,73,0,4,0.0,1,2.0,5,B
464991,0,1,87,1,7,1.0,1,2.0,5,B
464995,1,1,53,0,4,2.0,1,4.0,3,B
465001,1,1,84,1,7,1.0,1,2.0,5,B
465005,1,1,47,1,4,3.0,1,3.0,5,B
465012,1,1,59,0,4,1.0,1,4.0,5,B
465014,1,1,82,0,7,1.0,2,1.0,5,B
465022,0,1,71,1,7,0.0,1,2.0,5,B
465023,1,1,39,1,0,9.0,0,2.0,1,B
465026,0,0,25,0,1,0.0,2,2.0,5,B
465032,1,1,67,1,4,1.0,1,2.0,5,B
465035,0,1,83,1,7,13.0,1,2.0,5,B
465038,1,1,49,0,4,0.0,1,4.0,5,B
465039,0,1,87,0,7,0.0,1,2.0,5,B
465040,1,1,69,0,7,1.0,0,2.0,5,B
465045,1,1,40,1,3,9.0,0,2.0,5,B
465056,1,1,87,1,7,1.0,1,2.0,5,B
465069,1,1,68,1,5,0.0,0,3.0,5,B
465075,0,1,43,1,0,0.0,0,2.0,5,B
465076,1,1,67,1,0,0.0,1,5.0,5,B
465079,1,1,80,1,7,1.0,2,1.0,5,B
465082,1,1,65,1,7,1.0,2,1.0,2,B
465087,1,0,29,1,1,0.0,2,4.0,5,B
465091,1,1,60,1,3,1.0,0,3.0,5,B
465092,1,1,72,1,4,1.0,1,2.0,5,B
465093,1,1,57,1,1,0.0,2,1.0,5,B
465095,1,1,47,1,4,1.0,1,4.0,5,B
465099,1,1,39,0,3,1.0,0,2.0,5,B
465100,1,1,62,1,0,0.0,1,2.0,5,B
465101,0,1,81,1,7,1.0,2,1.0,5,B
465105,1,1,65,0,4,8.0,0,2.0,5,B
465109,1,0,47,0,7,8.0,2,2.0,5,B
465111,0,1,40,1,0,8.0,0,2.0,5,B
465112,0,1,86,0,7,0.0,1,2.0,5,B
465113,1,1,67,1,7,0.0,1,2.0,3,B
465119,0,1,45,1,0,0.0,0,5.0,5,B
465120,0,0,27,1,5,1.0,2,4.0,5,B
465121,0,0,32,1,0,7.0,2,1.0,2,B
465122,0,1,41,1,0,3.0,0,2.0,5,B
465124,0,1,27,1,5,6.0,0,2.0,5,B
465128,0,1,58,0,0,0.0,0,3.0,5,B
465134,0,1,61,1,3,1.0,0,5.0,5,B
465136,1,1,52,1,0,0.0,0,2.0,5,B
465144,1,0,25,1,1,8.0,2,1.0,5,B
465147,1,0,33,1,5,2.0,2,3.0,5,B
465148,1,0,31,0,0,0.0,2,1.0,5,B
465150,1,0,37,1,3,1.0,2,1.0,5,B
465153,1,1,38,1,0,1.0,0,2.0,5,B
465155,1,1,81,1,7,0.0,2,1.0,5,B
465160,1,1,61,1,4,0.0,1,3.0,5,B
465164,1,0,20,0,5,0.0,2,3.0,5,B
465171,0,1,48,1,0,8.0,1,4.0,5,B
465172,0,1,43,1,0,8.0,0,2.0,5,B
465175,0,0,22,0,6,0.0,2,4.0,5,B
465176,0,1,63,1,0,1.0,0,4.0,5,B
465181,0,0,25,1,5,8.0,2,1.0,3,B
465182,0,0,73,1,7,1.0,2,1.0,5,B
465186,0,1,43,0,0,4.0,0,4.0,0,B
465187,0,1,39,0,1,1.0,0,4.0,3,B
465188,0,1,49,1,0,0.0,0,4.0,5,B
465189,0,1,83,1,7,1.0,1,2.0,5,B
465194,1,0,22,0,5,9.0,2,6.0,1,B
465196,0,0,31,1,0,2.0,2,2.0,3,B
465197,0,1,60,1,0,1.0,1,4.0,5,B
465201,1,1,42,1,3,1.0,0,4.0,2,B
465202,1,0,25,0,3,7.0,2,4.0,5,B
465203,1,0,29,1,5,3.0,2,3.0,5,B
465204,1,1,29,1,5,1.0,2,2.0,5,B
465213,1,1,39,1,3,2.0,0,2.0,5,B
465214,1,1,33,0,2,14.0,2,1.0,5,B
465216,1,1,35,1,4,9.0,1,4.0,5,B
465226,1,1,38,0,3,2.0,2,3.0,5,B
465228,1,1,59,1,0,1.0,1,2.0,5,B
465231,1,1,67,0,0,1.0,0,2.0,5,B
465236,1,1,45,1,0,1.0,2,1.0,5,B
465237,1,1,70,1,7,5.0,1,2.0,5,B
465242,1,0,19,0,5,5.0,2,4.0,2,B
465249,0,0,23,0,5,0.0,2,4.0,5,B
465254,1,0,22,0,5,1.0,2,4.0,6,B
465261,0,0,23,1,5,1.0,2,4.0,0,B
465264,1,1,80,0,4,0.0,2,1.0,5,B
465267,1,1,40,0,2,14.0,0,5.0,3,B
465274,1,0,36,1,0,0.0,2,1.0,3,B
465285,0,1,31,0,2,8.0,2,4.0,5,B
465288,0,1,20,0,2,1.0,2,2.0,3,B
465289,1,1,31,1,4,1.0,1,2.0,5,B
465290,1,1,50,1,4,0.0,1,5.0,5,B
465294,1,1,67,0,7,0.0,2,2.0,5,B
465295,0,1,43,1,1,9.0,0,1.0,5,B
465296,0,1,85,1,7,5.0,1,3.0,5,B
465303,0,1,65,1,0,1.0,0,3.0,1,B
465306,1,1,71,0,4,1.0,0,4.0,1,B
465310,0,0,20,0,5,1.0,2,6.0,3,B
465319,1,0,20,0,5,0.0,2,5.0,5,B
465326,1,1,87,1,0,4.0,2,1.0,5,B
465333,0,1,37,1,0,4.0,2,2.0,6,B
465335,1,1,59,0,3,1.0,0,2.0,6,B
465340,0,0,29,1,0,3.0,2,4.0,1,B
465342,1,1,85,1,4,0.0,1,2.0,5,B
465344,0,1,72,1,7,1.0,1,2.0,5,B
465345,0,0,42,1,0,0.0,2,2.0,5,B
465351,0,1,45,1,0,9.0,0,2.0,5,B
465352,1,1,59,1,3,1.0,0,4.0,5,B
465354,1,0,19,0,1,0.0,2,5.0,1,B
465357,0,1,47,1,0,0.0,0,3.0,5,B
465358,0,1,73,1,0,0.0,1,2.0,5,B
465359,0,1,42,0,0,1.0,2,1.0,5,B
465364,0,0,37,1,1,7.0,2,5.0,1,B
465366,0,0,38,1,0,8.0,2,1.0,5,B
465371,0,0,41,1,0,1.0,2,1.0,5,B
465372,0,0,40,1,3,0.0,2,1.0,5,B
465383,0,1,30,1,3,0.0,2,4.0,5,B
465384,1,1,56,1,0,0.0,1,2.0,5,B
465391,0,1,65,1,7,1.0,1,2.0,5,B
465393,1,1,35,1,0,5.0,0,2.0,5,B
465395,0,1,37,0,2,0.0,0,5.0,3,B
465399,1,0,36,1,3,0.0,2,1.0,3,B
465405,0,0,26,1,6,1.0,1,4.0,1,B
465408,1,0,25,0,4,0.0,2,4.0,5,B
465410,1,0,30,0,5,0.0,2,4.0,4,B
465417,1,1,37,1,3,0.0,0,2.0,3,B
465419,1,0,30,0,0,0.0,2,3.0,5,B
465423,1,1,46,1,3,1.0,0,4.0,6,B
465428,0,0,38,1,2,1.0,2,1.0,3,B
465433,0,0,40,1,0,5.0,2,1.0,1,B
465435,0,0,31,1,0,5.0,2,1.0,5,B
465437,1,1,45,1,4,4.0,1,5.0,5,B
465440,1,1,55,0,2,1.0,2,5.0,5,B
465441,0,1,51,1,2,2.0,2,1.0,3,B
465445,0,0,29,1,6,5.0,2,7.0,5,B
465458,0,1,74,1,0,1.0,1,2.0,5,B
465461,1,1,69,0,3,1.0,0,3.0,5,B
465463,0,0,28,0,1,0.0,2,5.0,1,B
465464,1,1,41,1,4,0.0,0,3.0,3,B
465467,1,1,29,0,5,1.0,2,3.0,5,B
465471,1,1,39,1,0,0.0,2,1.0,5,B
465472,0,1,74,0,3,4.0,1,3.0,5,B
465473,0,0,59,1,0,4.0,2,1.0,5,B
465477,1,0,27,0,5,1.0,2,3.0,1,B
465479,1,0,33,0,0,0.0,2,1.0,3,B
465482,1,0,31,0,3,9.0,2,2.0,1,B
465483,1,1,46,0,0,0.0,0,3.0,5,B
465484,0,1,63,1,0,0.0,2,2.0,5,B
465488,1,0,22,0,5,1.0,2,4.0,5,B
465489,0,0,53,1,2,1.0,2,5.0,5,B
465492,1,1,59,0,3,1.0,2,1.0,1,B
465496,1,1,84,1,7,1.0,2,2.0,1,B
465505,1,1,63,1,0,1.0,0,4.0,5,B
465507,1,1,35,1,0,8.0,2,1.0,5,B
465508,1,0,21,0,5,1.0,2,4.0,5,B
465510,1,1,67,0,7,0.0,1,2.0,5,B
465518,0,1,41,1,0,1.0,0,3.0,3,B
465520,0,0,27,1,0,0.0,2,8.0,1,B
465521,0,1,53,1,0,1.0,0,2.0,6,B
465522,0,0,33,1,5,4.0,2,8.0,4,B
465529,0,0,32,0,1,0.0,2,4.0,5,B
465538,1,1,59,0,1,5.0,1,2.0,5,B
465539,0,1,50,1,0,1.0,1,5.0,5,B
465541,0,1,50,1,0,1.0,0,4.0,6,B
465543,0,1,41,1,5,1.0,0,2.0,2,B
465547,0,1,71,1,7,1.0,2,1.0,5,B
465550,0,0,33,1,5,1.0,2,6.0,2,B
465551,0,1,46,1,0,1.0,0,2.0,2,B
465554,0,0,78,1,7,1.0,2,3.0,5,B
465555,0,1,69,0,7,8.0,1,2.0,3,B
465558,0,0,40,1,5,8.0,2,1.0,6,B
465568,1,1,43,1,4,2.0,1,3.0,5,B
465569,1,1,36,1,0,0.0,1,3.0,5,B
465571,1,1,35,1,3,1.0,0,2.0,1,B
465577,1,0,30,0,5,0.0,2,4.0,2,B
465584,1,1,47,0,3,3.0,0,2.0,5,B
465586,1,1,69,0,0,0.0,2,1.0,5,B
465587,1,1,41,1,3,4.0,2,5.0,2,B
465594,1,1,33,0,4,4.0,2,6.0,2,B
465598,1,0,27,1,5,6.0,2,5.0,1,B
465600,1,1,38,1,2,6.0,2,2.0,2,B
465601,1,1,35,1,0,10.0,0,4.0,2,B
465602,1,1,27,1,0,10.0,2,2.0,2,B
465603,0,1,51,1,6,9.0,2,1.0,2,B
465605,0,1,52,1,2,4.0,2,1.0,2,B
465611,1,0,53,1,1,0.0,2,1.0,5,B
465612,1,1,43,1,0,8.0,0,2.0,5,B
465616,1,1,42,1,1,8.0,2,2.0,5,B
465621,1,0,36,1,1,9.0,2,1.0,5,B
465625,1,0,36,1,0,14.0,2,2.0,5,B
465627,0,0,40,1,5,1.0,2,1.0,5,B
465629,1,1,47,1,3,2.0,0,3.0,5,B
465635,1,0,30,0,1,1.0,2,2.0,3,B
465638,0,1,53,1,0,5.0,2,2.0,2,B
465640,1,1,45,1,0,5.0,0,2.0,5,B
465644,1,0,33,1,5,0.0,2,5.0,5,B
465645,0,0,40,1,0,8.0,2,2.0,5,B
465649,0,1,36,1,8,5.0,2,1.0,5,B
465651,1,0,32,0,2,0.0,2,4.0,5,B
465653,0,1,51,1,0,0.0,2,2.0,5,B
465655,0,0,49,1,0,0.0,2,1.0,5,B
465656,1,1,81,0,7,1.0,2,4.0,5,B
465658,1,1,72,1,0,1.0,0,4.0,5,B
465663,0,0,70,1,0,0.0,2,2.0,5,B
465667,1,0,21,0,5,0.0,2,3.0,1,B
465668,1,0,21,0,5,1.0,2,5.0,3,B
465669,0,1,41,0,3,4.0,0,4.0,3,B
465670,0,0,49,0,2,12.0,2,1.0,3,B
465675,0,0,51,0,3,0.0,2,1.0,3,B
465680,1,1,28,0,5,0.0,0,5.0,3,B
465685,1,0,37,1,5,5.0,2,2.0,2,B
465688,0,1,63,0,0,1.0,0,3.0,2,B
465689,1,0,19,0,5,8.0,2,4.0,2,B
465695,0,0,32,0,5,6.0,2,3.0,3,B
465697,0,1,51,0,0,6.0,2,1.0,5,B
465703,1,1,26,0,3,3.0,2,2.0,3,B
465704,1,1,61,0,0,0.0,2,1.0,5,B
465705,0,1,51,1,0,0.0,0,4.0,5,B
465706,0,1,45,1,0,0.0,0,3.0,5,B
465721,1,1,29,1,3,1.0,1,2.0,2,B
465722,1,1,47,0,3,0.0,2,5.0,2,B
465725,1,0,25,1,1,1.0,2,2.0,2,B
465727,1,0,40,0,8,0.0,2,5.0,3,B
465728,1,0,45,1,8,1.0,2,1.0,3,B
465733,1,1,32,1,3,1.0,0,2.0,3,B
465734,1,1,38,1,0,0.0,2,3.0,0,B
465736,0,0,38,1,0,8.0,2,2.0,2,B
465737,0,1,48,1,2,7.0,2,3.0,2,B
465740,0,0,71,1,1,0.0,2,1.0,5,B
465742,0,1,46,1,0,3.0,2,3.0,5,B
465751,0,1,46,1,0,9.0,2,2.0,5,B
465753,0,1,49,1,0,7.0,2,2.0,5,B
465766,1,1,43,0,3,0.0,2,3.0,3,B
465768,0,0,38,1,0,6.0,2,4.0,3,B
465769,1,0,25,1,5,8.0,2,4.0,5,B
465772,0,1,46,1,2,0.0,2,4.0,0,B
465775,0,0,28,1,2,9.0,2,3.0,5,B
465776,0,0,41,1,3,5.0,2,4.0,5,B
465777,0,0,32,1,0,9.0,2,5.0,5,B
465784,0,0,21,0,5,0.0,2,4.0,2,B
465788,1,0,22,0,5,1.0,2,6.0,3,B
465793,1,0,27,0,5,0.0,2,5.0,3,B
465797,1,1,40,1,0,0.0,0,2.0,1,B
465804,0,1,68,0,2,0.0,2,1.0,3,B
465809,0,0,25,0,6,1.0,2,7.0,3,B
465811,1,0,28,0,5,1.0,2,4.0,3,B
465813,1,0,28,0,8,2.0,2,8.0,3,B
465818,1,0,27,0,3,1.0,2,3.0,3,B
465823,1,1,67,0,3,5.0,0,4.0,3,B
465826,1,1,46,0,4,4.0,2,9.0,3,B
465828,0,0,33,0,3,8.0,2,4.0,3,B
465829,0,1,40,1,1,6.0,0,3.0,3,B
465830,0,1,48,0,1,5.0,0,7.0,3,B
465831,1,1,42,0,4,0.0,1,5.0,3,B
465837,1,0,56,1,4,1.0,2,1.0,5,B
465841,0,0,51,1,2,3.0,2,1.0,5,B
465848,0,0,27,1,5,0.0,2,1.0,6,B
465849,0,0,25,1,1,7.0,2,3.0,3,B
465851,0,1,51,0,0,9.0,1,2.0,3,B
465853,0,1,26,1,5,0.0,0,2.0,5,B
465857,0,0,35,1,1,0.0,2,1.0,5,B
465860,0,0,25,1,1,1.0,2,3.0,5,B
465863,1,0,30,0,5,6.0,2,3.0,5,B
465865,0,0,41,1,5,9.0,2,1.0,5,B
465866,1,1,42,1,0,6.0,2,3.0,5,B
465867,0,1,40,1,0,8.0,1,5.0,5,B
465873,1,0,36,1,3,13.0,2,1.0,5,B
465875,0,0,39,1,0,9.0,2,1.0,5,B
465884,1,1,40,1,4,7.0,1,3.0,5,B
465893,0,1,40,1,2,1.0,0,2.0,5,B
465894,1,0,28,1,0,9.0,2,6.0,5,B
465907,0,0,31,1,8,8.0,2,1.0,0,B
465916,1,0,41,1,0,4.0,2,1.0,5,B
465923,0,0,28,1,2,9.0,2,5.0,5,B
465925,1,0,30,1,5,1.0,2,1.0,5,B
465927,0,0,30,1,5,1.0,2,1.0,5,B
465930,0,0,38,1,0,9.0,2,2.0,5,B
465931,1,1,43,1,0,7.0,2,1.0,6,B
465935,1,0,29,1,3,9.0,2,1.0,5,B
465937,0,0,30,1,5,9.0,2,3.0,5,B
465941,1,1,27,1,5,0.0,2,2.0,5,B
465948,0,1,48,1,0,0.0,0,2.0,5,B
465953,0,0,51,1,0,1.0,2,1.0,5,B
465957,0,0,48,1,8,0.0,2,1.0,5,B
465960,0,0,28,1,8,9.0,2,1.0,5,B
465961,0,0,40,1,0,3.0,2,1.0,5,B
465963,1,1,51,1,0,1.0,2,2.0,5,B
465965,0,1,36,0,8,8.0,2,2.0,5,B
465972,0,0,51,1,8,9.0,2,1.0,5,B
465974,1,1,45,1,4,5.0,1,4.0,3,B
465975,1,0,40,1,0,8.0,2,1.0,5,B
465976,1,0,40,1,0,0.0,2,1.0,6,B
465979,1,1,41,1,0,2.0,2,2.0,5,B
465982,1,1,43,1,3,0.0,0,4.0,5,B
465983,1,1,21,0,5,1.0,2,3.0,5,B
465996,1,0,23,0,5,1.0,2,4.0,5,B
465997,0,0,31,0,1,0.0,2,3.0,5,B
466001,0,1,42,1,3,6.0,2,2.0,5,B
466007,1,1,61,0,0,0.0,2,1.0,6,B
466017,0,1,45,1,6,0.0,2,1.0,2,B
466019,0,1,63,1,0,5.0,2,1.0,2,B
466020,1,1,86,0,7,0.0,2,1.0,5,B
466022,0,1,67,0,2,14.0,1,3.0,6,B
466023,1,1,71,0,4,14.0,1,3.0,6,B
466024,0,1,43,0,3,14.0,2,2.0,2,B
466032,1,1,28,0,3,0.0,2,2.0,5,B
466042,1,1,47,0,3,0.0,2,2.0,5,B
466043,0,1,53,1,0,0.0,0,4.0,5,B
466046,0,1,36,0,3,1.0,0,2.0,3,B
466058,1,1,35,0,3,1.0,2,4.0,3,B
466069,0,1,48,1,0,1.0,1,4.0,3,B
466071,0,1,60,1,0,3.0,2,3.0,3,B
466078,0,1,45,0,4,0.0,2,1.0,5,B
466079,0,1,42,0,2,0.0,2,2.0,5,B
466082,0,1,89,1,7,1.0,2,1.0,5,B
466083,0,0,23,0,8,4.0,2,2.0,2,B
466084,1,1,46,1,6,11.0,2,1.0,2,B
466085,1,0,22,0,6,8.0,2,4.0,3,B
466088,0,0,30,0,5,0.0,2,7.0,5,B
466090,1,1,58,1,3,0.0,2,4.0,5,B
466092,1,1,73,1,0,0.0,0,4.0,5,B
466099,0,1,71,1,7,0.0,2,1.0,5,B
466103,0,1,35,0,2,0.0,2,5.0,5,B
466109,1,1,52,1,3,1.0,0,4.0,5,B
466111,1,1,84,1,7,0.0,2,2.0,5,B
466114,1,1,47,1,3,1.0,0,5.0,5,B
466115,1,1,39,0,4,0.0,2,2.0,5,B
466118,0,1,40,0,2,0.0,2,3.0,3,B
466124,0,0,46,1,0,1.0,2,1.0,5,B
466128,1,0,40,1,0,3.0,2,2.0,5,B
466130,0,0,27,0,0,1.0,2,6.0,5,B
466132,0,0,23,0,5,4.0,2,4.0,6,B
466136,0,0,21,1,0,1.0,2,2.0,5,B
466138,1,1,70,0,7,2.0,1,2.0,5,B
466140,1,1,28,1,3,1.0,2,2.0,5,B
466141,0,1,58,1,6,1.0,2,4.0,5,B
466142,0,1,27,1,3,0.0,0,2.0,5,B
466143,0,1,49,0,2,0.0,0,5.0,5,B
466146,0,1,37,0,2,8.0,0,3.0,5,B
466148,1,1,39,0,3,1.0,0,4.0,5,B
466149,0,0,28,0,1,2.0,2,4.0,5,B
466153,1,1,73,0,3,0.0,0,2.0,5,B
466154,0,1,51,1,0,1.0,0,5.0,2,B
466156,0,1,48,1,1,8.0,0,3.0,1,B
466157,1,1,72,1,6,9.0,2,1.0,5,B
466161,1,1,47,0,0,1.0,0,1.0,5,B
466162,0,1,67,1,1,0.0,2,1.0,3,B
466166,1,1,77,1,7,0.0,1,2.0,3,B
466172,1,1,46,1,0,3.0,0,3.0,5,B
466178,0,1,52,1,0,1.0,0,4.0,5,B
466180,1,1,67,0,7,1.0,2,1.0,5,B
466185,1,1,62,1,1,0.0,0,4.0,5,B
466200,1,1,45,1,1,8.0,0,3.0,3,B
466201,1,1,40,1,1,1.0,0,5.0,3,B
466206,0,1,60,1,0,4.0,0,2.0,2,B
466207,0,1,37,1,1,8.0,0,4.0,1,B
466208,1,1,69,0,4,2.0,1,1.0,5,B
466210,0,1,58,1,0,1.0,1,4.0,5,B
466211,1,1,52,1,0,1.0,2,5.0,5,B
466213,1,0,20,0,5,2.0,2,5.0,5,B
466218,0,0,23,0,5,6.0,2,4.0,1,B
466223,1,1,66,1,0,0.0,2,1.0,3,B
466225,1,0,19,0,5,1.0,2,3.0,1,B
466226,0,1,53,1,0,0.0,0,5.0,5,B
466233,0,1,59,1,6,6.0,2,1.0,5,B
466235,0,1,61,1,0,0.0,0,4.0,3,B
466236,0,1,68,1,2,1.0,2,2.0,3,B
466238,1,0,20,0,5,1.0,2,3.0,3,B
466246,1,0,20,0,5,1.0,2,4.0,1,B
466247,0,0,49,1,0,0.0,2,4.0,1,B
466253,1,0,19,0,5,1.0,2,3.0,1,B
466257,0,0,27,0,5,1.0,2,4.0,5,B
466264,1,1,32,1,5,1.0,2,2.0,2,B
466268,0,1,67,1,0,0.0,0,3.0,3,B
466271,1,0,27,0,3,1.0,2,3.0,1,B
466274,1,1,72,1,4,0.0,2,5.0,5,B
466276,0,0,32,0,1,1.0,2,5.0,3,B
466278,0,0,28,0,1,0.0,2,2.0,2,B
466282,1,1,29,1,5,8.0,2,5.0,5,B
466285,0,0,19,0,5,1.0,2,5.0,1,B
466286,0,1,52,1,0,1.0,0,5.0,1,B
466287,0,1,47,1,1,1.0,0,2.0,1,B
466289,1,0,19,0,5,3.0,2,5.0,1,B
466290,0,0,18,0,5,5.0,2,2.0,3,B
466292,0,1,79,0,7,1.0,1,2.0,5,B
466297,0,0,19,0,5,1.0,2,4.0,3,B
466300,0,1,48,1,0,0.0,2,3.0,1,B
466301,1,1,52,1,0,1.0,0,3.0,1,B
466306,1,0,23,0,5,1.0,2,4.0,5,B
466313,0,1,58,1,0,1.0,2,1.0,3,B
466315,0,1,69,1,2,1.0,2,1.0,5,B
466317,1,1,37,1,3,4.0,2,1.0,5,B
466318,0,0,30,0,5,0.0,2,3.0,5,B
466319,0,0,25,0,5,0.0,2,4.0,5,B
466320,0,0,39,1,2,8.0,2,2.0,3,B
466321,1,1,43,1,3,3.0,2,2.0,3,B
466324,0,0,32,0,2,0.0,2,1.0,3,B
466326,1,0,23,0,5,0.0,2,5.0,2,B
466335,0,0,30,0,5,1.0,2,3.0,3,B
466337,0,1,41,0,2,1.0,2,2.0,3,B
466341,1,1,49,1,0,1.0,0,2.0,4,B
466347,1,1,66,0,4,6.0,2,3.0,3,B
466352,0,1,67,1,1,1.0,2,2.0,5,B
466355,1,0,30,1,5,0.0,2,2.0,5,B
466367,0,0,39,1,1,6.0,2,1.0,1,B
466370,0,0,52,1,0,0.0,2,4.0,1,B
466372,0,1,57,1,0,0.0,0,5.0,5,B
466373,1,1,63,1,4,1.0,1,1.0,5,B
466376,0,1,52,0,6,4.0,1,3.0,5,B
466377,1,1,61,1,6,8.0,0,2.0,5,B
466380,1,1,35,1,3,7.0,2,2.0,5,B
466381,1,1,52,1,0,4.0,0,2.0,5,B
466382,0,1,45,1,2,2.0,1,2.0,3,B
466387,1,1,37,1,3,8.0,0,2.0,5,B
466389,0,1,45,1,2,1.0,0,2.0,5,B
466391,0,1,55,1,2,0.0,0,6.0,5,B
466392,0,1,49,1,2,4.0,0,6.0,2,B
466393,0,1,42,0,3,1.0,2,6.0,2,B
466395,0,1,39,1,1,3.0,1,2.0,3,B
466397,1,0,18,0,5,0.0,2,3.0,2,B
466400,1,1,43,0,0,1.0,0,3.0,2,B
466401,1,1,50,0,4,1.0,0,4.0,5,B
466402,1,1,37,1,0,1.0,0,4.0,5,B
466404,0,0,37,1,2,1.0,2,1.0,5,B
466406,1,1,63,1,3,0.0,2,3.0,5,B
466408,1,1,83,1,7,1.0,2,2.0,2,B
466411,1,1,55,1,0,1.0,0,3.0,2,B
466414,1,1,71,1,0,1.0,2,3.0,5,B
466418,1,1,87,0,7,1.0,2,1.0,3,B
466419,0,1,49,1,3,2.0,0,5.0,2,B
466422,1,1,27,0,1,0.0,2,4.0,3,B
466427,0,1,25,0,8,1.0,2,4.0,3,B
466429,1,1,42,0,5,0.0,2,2.0,2,B
466443,0,1,66,1,0,4.0,2,2.0,5,B
466450,0,0,32,1,5,1.0,2,1.0,5,B
466455,0,1,32,1,1,4.0,2,2.0,5,B
466456,0,1,37,0,1,8.0,2,1.0,1,B
466457,0,1,62,1,7,9.0,2,5.0,5,B
466463,0,0,33,1,5,3.0,2,4.0,3,B
466464,0,1,45,1,6,2.0,0,2.0,2,B
466466,0,1,18,0,5,5.0,2,5.0,2,B
466467,0,1,37,1,0,0.0,0,3.0,2,B
466468,1,0,30,1,1,4.0,2,4.0,2,B
466474,1,0,31,1,3,5.0,2,3.0,5,B
466478,0,1,48,1,0,0.0,0,4.0,2,B
466483,1,0,31,1,5,8.0,2,1.0,2,B
466486,0,1,36,1,1,8.0,2,2.0,3,B
466488,1,1,61,1,3,0.0,0,6.0,5,B
466490,0,1,83,0,7,0.0,1,2.0,5,B
466493,1,1,77,0,7,1.0,1,2.0,5,B
466500,0,1,46,1,0,3.0,1,3.0,3,B
466501,1,1,48,1,2,0.0,0,3.0,2,B
466502,1,0,19,0,5,0.0,2,5.0,2,B
466516,1,0,21,0,5,1.0,2,3.0,5,B
466517,0,0,40,0,2,0.0,2,1.0,5,B
466526,1,0,27,0,5,0.0,2,5.0,1,B
466527,0,1,49,0,8,0.0,2,1.0,4,B
466530,1,0,19,0,5,1.0,2,4.0,5,B
466533,0,0,53,1,3,1.0,2,1.0,5,B
466535,1,0,29,1,0,8.0,2,1.0,5,B
466536,1,0,23,0,5,3.0,2,4.0,3,B
466538,1,1,84,1,7,1.0,1,2.0,5,B
466541,1,0,38,1,3,0.0,2,4.0,5,B
466543,1,0,26,1,1,11.0,2,2.0,6,B
466545,0,0,19,0,5,1.0,2,4.0,1,B
466550,0,0,22,0,5,1.0,2,4.0,5,B
466552,1,1,20,0,3,0.0,2,2.0,5,B
466553,1,1,36,1,5,0.0,2,3.0,5,B
466556,1,0,18,0,5,1.0,2,3.0,5,B
466562,0,0,20,0,5,7.0,2,4.0,5,B
466564,0,0,18,0,8,1.0,2,4.0,5,B
466565,1,1,32,0,0,7.0,0,2.0,5,B
466576,0,0,18,0,5,0.0,2,4.0,5,B
466586,1,0,18,0,5,0.0,2,2.0,5,B
466588,0,0,21,0,5,8.0,2,4.0,5,B
466596,0,1,75,1,0,1.0,1,2.0,5,B
466603,1,1,37,1,2,0.0,0,2.0,5,B
466606,0,1,35,1,2,1.0,2,3.0,2,B
466613,1,0,20,0,5,9.0,2,3.0,5,B
466623,1,1,58,0,3,2.0,0,4.0,2,B
466628,1,0,33,0,5,8.0,2,4.0,5,B
466631,1,1,58,1,0,0.0,2,3.0,5,B
466634,1,0,20,0,5,1.0,2,5.0,5,B
466635,1,1,50,1,0,4.0,0,2.0,5,B
466644,0,0,51,1,6,0.0,2,3.0,5,B
466650,0,0,27,0,5,8.0,2,3.0,3,B
466652,0,1,58,1,1,1.0,0,2.0,5,B
466655,1,1,62,0,4,1.0,2,2.0,5,B
466656,1,1,79,1,8,0.0,1,2.0,5,B
466658,0,0,19,0,5,1.0,2,4.0,5,B
466662,0,0,33,0,2,0.0,2,2.0,3,B
466665,1,1,36,1,0,1.0,0,2.0,5,B
466666,0,1,29,1,5,1.0,2,2.0,5,B
466671,0,1,28,0,5,3.0,2,3.0,1,B
466686,0,0,22,0,5,0.0,2,4.0,5,B
466687,1,0,21,0,5,1.0,2,3.0,5,B
466688,1,0,22,0,5,0.0,2,3.0,3,B
466689,1,0,28,1,0,9.0,2,3.0,5,B
466696,0,1,48,1,0,3.0,0,4.0,5,B
466704,1,1,48,1,1,3.0,0,2.0,5,B
466705,1,1,66,0,7,0.0,2,3.0,5,B
466707,0,1,47,1,6,1.0,2,4.0,5,B
466713,0,1,68,1,0,1.0,1,4.0,5,B
466718,1,1,73,0,4,0.0,1,2.0,5,B
466720,0,1,59,0,7,0.0,2,1.0,1,B
466721,1,1,38,1,1,7.0,0,2.0,5,B
466725,0,1,76,0,7,1.0,1,2.0,5,B
466731,0,1,40,1,2,3.0,2,2.0,3,B
466732,0,1,49,1,2,0.0,1,2.0,3,B
466733,0,0,33,0,6,0.0,2,2.0,3,B
466735,1,0,18,0,5,1.0,2,2.0,5,B
466746,0,1,69,1,7,0.0,1,2.0,5,B
466749,1,0,22,1,5,1.0,2,5.0,2,B
466750,0,0,18,1,5,0.0,2,3.0,2,B
466751,0,0,20,1,5,1.0,2,4.0,5,B
466752,1,1,36,1,5,1.0,2,1.0,5,B
466753,0,1,67,1,0,0.0,0,2.0,2,B
466754,0,1,37,1,0,1.0,0,3.0,5,B
466759,0,0,26,0,5,2.0,2,4.0,5,B
466760,1,1,51,1,1,1.0,0,4.0,5,B
466765,0,1,67,1,7,1.0,2,2.0,5,B
466769,0,0,29,1,3,1.0,2,4.0,5,B
466775,0,1,76,1,7,0.0,2,2.0,5,B
466776,1,1,86,1,7,0.0,2,1.0,5,B
466777,0,1,51,1,6,9.0,0,2.0,5,B
466778,1,1,35,1,3,1.0,2,2.0,2,B
466788,1,0,30,0,1,3.0,2,2.0,5,B
466790,1,1,47,1,1,0.0,0,2.0,2,B
466791,1,1,81,0,7,0.0,2,1.0,5,B
466792,0,1,85,0,7,0.0,2,1.0,5,B
466795,1,1,60,1,3,2.0,0,5.0,5,B
466799,0,0,21,0,5,2.0,2,3.0,5,B
466802,0,0,40,1,2,0.0,2,1.0,5,B
466804,0,0,35,1,6,4.0,2,1.0,2,B
466807,0,0,35,1,5,0.0,2,1.0,3,B
466808,0,0,41,0,2,1.0,2,1.0,5,B
466810,1,0,18,0,5,0.0,2,3.0,5,B
466811,1,0,22,0,5,0.0,2,3.0,3,B
466813,1,1,61,1,0,0.0,2,3.0,5,B
466814,1,0,23,0,5,0.0,2,3.0,5,B
466815,1,0,31,0,5,1.0,2,5.0,3,B
466816,1,1,82,1,7,0.0,1,2.0,5,B
466818,1,1,84,0,4,1.0,1,2.0,5,B
466826,1,1,41,1,3,1.0,2,2.0,5,B
466832,0,1,66,1,0,0.0,0,2.0,3,B
466833,1,1,57,1,0,5.0,2,2.0,5,B
466846,1,0,20,0,5,3.0,2,4.0,1,B
466863,0,0,32,0,6,14.0,2,1.0,5,B
466867,0,0,29,0,6,11.0,2,1.0,5,B
466871,1,1,36,1,4,1.0,1,4.0,5,B
466874,1,1,38,1,3,1.0,0,3.0,5,B
466884,0,1,43,0,1,1.0,2,1.0,5,B
466886,0,0,42,0,8,1.0,2,1.0,5,B
466891,0,1,48,0,6,8.0,2,1.0,5,B
466905,1,1,62,1,0,0.0,2,1.0,5,B
466906,1,0,63,1,0,0.0,2,2.0,5,B
466908,1,1,60,1,3,1.0,2,2.0,5,B
466909,1,1,63,1,0,1.0,2,2.0,5,B
466910,1,1,62,1,3,9.0,2,1.0,5,B
466917,1,1,40,0,4,4.0,2,1.0,5,B
466918,1,1,63,1,0,0.0,0,1.0,5,B
466920,1,0,19,0,5,6.0,2,4.0,2,B
466923,0,0,21,0,6,8.0,2,1.0,5,B
466926,1,0,21,0,5,1.0,2,5.0,5,B
466927,1,0,22,0,2,6.0,2,5.0,1,B
466936,1,1,60,0,7,1.0,1,3.0,5,B
466938,1,1,59,1,0,8.0,2,1.0,5,B
466939,1,1,73,0,7,1.0,1,2.0,5,B
466951,0,1,52,1,0,0.0,1,3.0,5,B
466954,0,1,66,0,1,9.0,0,2.0,5,B
466955,1,1,61,0,3,1.0,2,4.0,2,B
466956,0,1,61,1,0,1.0,2,1.0,5,B
466961,0,1,61,1,0,2.0,0,2.0,5,B
466966,1,1,59,1,3,1.0,0,2.0,5,B
466967,1,1,51,1,0,1.0,2,1.0,5,B
466970,0,1,36,1,6,9.0,2,2.0,3,B
466971,1,0,71,1,4,9.0,2,3.0,5,B
466975,1,1,48,1,0,1.0,0,2.0,5,B
466990,1,1,43,1,3,9.0,0,2.0,5,B
466996,0,0,36,1,0,9.0,2,1.0,5,B
466998,0,1,57,0,0,1.0,0,3.0,5,B
466999,1,0,33,1,5,1.0,2,3.0,5,B
467000,0,0,31,1,0,1.0,2,6.0,3,B
467008,1,1,57,1,0,1.0,0,3.0,5,B
467009,0,0,33,0,6,2.0,2,4.0,2,B
467022,1,0,30,1,0,1.0,2,5.0,5,B
467023,1,1,26,0,1,8.0,0,2.0,5,B
467025,0,0,29,0,2,1.0,2,3.0,5,B
467044,0,0,42,1,8,0.0,2,1.0,6,B
467046,0,0,30,0,1,0.0,2,5.0,2,B
467050,0,0,18,0,2,1.0,2,5.0,1,B
467053,1,0,18,0,5,5.0,2,4.0,5,B
467058,1,1,80,0,4,0.0,1,2.0,5,B
467060,1,0,35,0,2,7.0,2,2.0,5,B
467063,1,1,45,1,3,1.0,0,2.0,5,B
467073,1,0,42,1,2,8.0,2,1.0,5,B
467078,0,1,26,0,5,1.0,1,2.0,6,B
467079,1,1,38,1,0,1.0,2,2.0,5,B
467084,1,1,41,1,0,1.0,0,7.0,5,B
467085,1,0,45,1,3,1.0,2,2.0,5,B
467088,1,1,57,1,0,1.0,2,1.0,2,B
467092,0,0,33,1,5,5.0,2,4.0,5,B
467093,0,1,51,1,0,8.0,0,2.0,5,B
467098,1,1,85,0,4,1.0,2,2.0,5,B
467099,0,0,30,0,3,0.0,2,3.0,5,B
467107,1,1,38,1,2,1.0,0,3.0,3,B
467111,1,1,66,1,0,1.0,2,1.0,5,B
467112,1,0,40,1,0,0.0,2,2.0,1,B
467113,1,1,83,1,7,1.0,2,1.0,5,B
467114,1,1,61,1,8,1.0,0,3.0,5,B
467116,1,1,65,1,4,1.0,1,2.0,5,B
467119,1,1,37,0,8,0.0,1,4.0,6,B
467121,1,1,47,1,1,0.0,2,4.0,5,B
467125,1,1,51,0,3,1.0,0,4.0,2,B
467127,1,1,73,0,7,1.0,2,1.0,5,B
467129,0,1,49,0,8,1.0,0,3.0,3,B
467132,0,1,73,1,2,0.0,2,2.0,5,B
467136,1,1,37,0,3,1.0,0,4.0,3,B
467137,0,1,55,1,2,0.0,2,1.0,5,B
467138,0,0,32,0,6,12.0,2,1.0,5,B
467139,0,0,28,1,0,0.0,2,3.0,5,B
467143,0,0,50,0,7,0.0,2,3.0,5,B
467144,1,1,38,1,3,1.0,2,2.0,5,B
467146,0,0,28,0,6,8.0,2,1.0,5,B
467147,1,0,46,1,3,1.0,2,1.0,5,B
467153,0,1,47,1,0,0.0,2,6.0,5,B
467157,1,1,39,1,4,8.0,1,6.0,6,B
467158,0,0,26,0,5,1.0,2,2.0,5,B
467159,0,1,37,1,6,9.0,1,2.0,5,B
467160,1,1,43,0,6,1.0,0,2.0,2,B
467165,0,0,27,0,6,1.0,2,1.0,5,B
467167,1,1,69,1,0,1.0,0,2.0,2,B
467168,1,1,47,1,0,9.0,0,2.0,0,B
467172,1,0,36,1,0,9.0,2,2.0,5,B
467180,1,1,43,1,5,1.0,2,3.0,2,B
467183,1,1,42,1,3,3.0,0,4.0,5,B
467185,1,0,29,1,0,0.0,2,3.0,5,B
467189,0,1,45,1,0,1.0,1,4.0,5,B
467193,1,1,88,1,0,1.0,2,2.0,5,B
467201,0,0,33,1,2,0.0,2,5.0,6,B
467202,1,1,18,0,1,0.0,2,4.0,5,B
467208,0,1,41,1,6,1.0,1,2.0,5,B
467212,0,0,28,1,1,1.0,2,3.0,5,B
467216,0,0,30,1,3,0.0,2,1.0,5,B
467217,0,1,79,1,7,8.0,1,2.0,5,B
467218,0,0,27,1,0,8.0,2,1.0,5,B
467223,0,1,53,1,2,0.0,0,4.0,5,B
467227,0,0,43,1,0,14.0,2,1.0,3,B
467230,1,0,19,0,5,1.0,2,4.0,5,B
467232,1,0,26,0,3,1.0,2,2.0,5,B
467233,0,0,67,0,0,1.0,2,2.0,5,B
467235,0,0,32,1,0,1.0,2,2.0,4,B
467238,0,0,26,0,1,7.0,2,4.0,5,B
467239,0,0,29,0,2,0.0,2,3.0,5,B
467241,0,0,33,1,0,9.0,2,1.0,5,B
467242,1,0,22,0,1,0.0,2,3.0,5,B
467247,0,0,27,0,2,0.0,2,2.0,5,B
467256,1,0,30,0,5,1.0,2,4.0,1,B
467260,1,0,25,0,1,8.0,2,4.0,5,B
467263,0,0,32,0,8,0.0,2,1.0,3,B
467268,1,1,85,1,7,0.0,2,1.0,5,B
467275,1,0,29,1,5,0.0,2,4.0,5,B
467281,1,1,56,1,7,0.0,2,4.0,5,B
467283,1,1,52,1,0,0.0,0,3.0,1,B
467288,0,0,25,0,5,1.0,2,5.0,5,B
467296,0,1,65,1,0,1.0,0,2.0,2,B
467300,0,1,49,1,0,1.0,2,1.0,5,B
467301,0,1,73,0,7,1.0,2,2.0,5,B
467303,1,1,36,1,1,2.0,0,2.0,5,B
467309,0,0,36,1,2,4.0,2,1.0,6,B
467311,1,1,71,1,7,1.0,1,3.0,5,B
467312,0,1,55,1,0,0.0,2,2.0,5,B
467313,1,1,35,1,3,1.0,0,2.0,5,B
467314,1,1,41,0,0,0.0,0,2.0,5,B
467317,1,0,42,1,0,1.0,2,1.0,1,B
467318,1,1,35,1,1,1.0,2,2.0,5,B
467322,0,1,48,1,0,1.0,0,2.0,0,B
467325,0,1,73,1,7,1.0,1,2.0,5,B
467329,0,0,40,1,1,1.0,2,1.0,5,B
467338,0,0,29,1,5,3.0,2,6.0,5,B
467339,1,0,62,1,0,1.0,0,3.0,5,B
467344,1,1,89,1,7,0.0,2,2.0,5,B
467345,1,1,86,1,7,0.0,2,1.0,5,B
467346,1,1,38,1,0,0.0,0,3.0,5,B
467352,1,1,45,1,4,0.0,1,4.0,5,B
467355,1,0,26,0,5,0.0,2,4.0,5,B
467357,1,1,55,1,5,1.0,2,2.0,5,B
467358,0,1,52,1,0,1.0,0,5.0,5,B
467359,1,1,43,1,0,5.0,0,2.0,5,B
467365,1,0,35,1,0,1.0,2,1.0,5,B
467367,1,1,73,1,7,1.0,2,2.0,5,B
467369,1,0,41,1,0,4.0,2,3.0,5,B
467373,1,0,27,1,5,6.0,2,1.0,5,B
467375,1,1,35,1,3,6.0,2,3.0,5,B
467378,0,1,63,1,0,0.0,0,2.0,5,B
467384,1,0,41,1,0,1.0,2,1.0,5,B
467385,1,0,53,0,0,1.0,2,4.0,3,B
467389,1,0,42,0,2,0.0,2,4.0,5,B
467393,0,1,46,1,0,0.0,0,4.0,5,B
467398,1,1,38,0,3,0.0,2,2.0,5,B
467399,1,1,25,1,1,1.0,2,3.0,5,B
467403,0,1,40,1,0,7.0,0,3.0,3,B
467410,0,1,55,1,7,1.0,2,2.0,5,B
467415,0,0,29,1,5,0.0,2,1.0,5,B
467419,0,1,39,1,0,2.0,2,1.0,5,B
467421,1,1,50,0,1,1.0,0,3.0,5,B
467422,0,1,61,1,0,1.0,0,2.0,5,B
467423,1,1,56,1,0,0.0,2,1.0,5,B
467434,1,0,40,1,3,1.0,2,3.0,0,B
467437,0,1,86,1,7,0.0,1,2.0,5,B
467438,1,0,27,0,3,5.0,2,3.0,5,B
467441,1,0,35,1,0,9.0,2,1.0,5,B
467442,1,1,56,1,0,9.0,0,2.0,5,B
467444,0,1,36,1,0,9.0,2,2.0,5,B
467445,1,1,32,0,1,9.0,2,2.0,1,B
467449,0,1,85,1,7,1.0,2,2.0,5,B
467451,0,1,51,1,0,0.0,2,1.0,0,B
467455,0,0,41,1,0,8.0,2,2.0,5,B
467456,1,1,42,0,4,5.0,1,4.0,5,B
467457,0,0,30,1,8,0.0,2,6.0,5,B
467459,1,1,42,1,4,9.0,1,5.0,5,B
467463,0,1,42,1,0,9.0,0,3.0,5,B
467468,0,0,25,0,5,4.0,2,5.0,6,B
467472,1,1,60,1,4,4.0,1,4.0,5,B
467474,1,0,18,0,5,2.0,2,5.0,5,B
467479,1,1,36,1,4,0.0,0,4.0,5,B
467481,1,1,49,1,0,0.0,0,2.0,5,B
467482,1,1,42,1,4,1.0,1,3.0,5,B
467487,1,1,42,0,0,1.0,0,5.0,3,B
467488,0,1,39,1,3,1.0,0,2.0,1,B
467492,0,1,62,1,1,1.0,2,2.0,6,B
467493,1,1,47,1,4,0.0,1,4.0,5,B
467499,1,1,39,1,0,3.0,2,3.0,5,B
467500,0,1,25,1,0,3.0,1,2.0,5,B
467503,0,0,27,1,0,1.0,2,4.0,5,B
467504,0,0,31,0,1,0.0,2,4.0,5,B
467505,1,1,36,1,0,0.0,2,4.0,5,B
467510,1,1,51,1,3,3.0,2,3.0,5,B
467511,1,1,63,1,3,1.0,2,1.0,5,B
467514,1,0,40,1,0,1.0,2,4.0,5,B
467518,1,0,22,0,1,1.0,2,1.0,5,B
467532,1,1,52,1,0,9.0,2,1.0,5,B
467533,1,1,89,1,7,4.0,2,1.0,5,B
467537,0,1,65,0,7,1.0,1,3.0,5,B
467539,1,1,48,1,0,1.0,0,4.0,6,B
467540,1,1,48,1,5,1.0,0,4.0,5,B
467542,1,0,31,1,5,8.0,2,1.0,5,B
467557,0,1,62,1,0,0.0,0,2.0,5,B
467559,1,1,58,1,4,0.0,0,4.0,5,B
467565,1,1,60,1,0,0.0,2,3.0,5,B
467569,1,0,19,0,5,14.0,2,4.0,5,B
467570,1,0,18,0,5,14.0,2,3.0,5,B
467576,1,1,48,1,1,1.0,0,3.0,5,B
467579,1,0,35,1,1,5.0,2,1.0,5,B
467580,1,0,27,1,1,0.0,2,3.0,5,B
467588,1,1,60,1,0,0.0,0,4.0,5,B
467589,1,0,32,0,3,0.0,2,1.0,5,B
467592,1,1,40,1,3,7.0,2,2.0,5,B
467595,0,0,25,1,5,0.0,2,1.0,5,B
467596,1,1,42,0,0,1.0,2,5.0,2,B
467604,1,0,26,0,5,8.0,2,8.0,3,B
467608,1,0,27,1,2,6.0,2,1.0,5,B
467609,1,0,42,0,0,2.0,2,4.0,5,B
467610,0,1,77,1,7,4.0,2,1.0,5,B
467612,1,1,70,1,4,0.0,2,2.0,6,B
467614,1,1,36,0,0,4.0,0,2.0,5,B
467620,1,1,57,1,7,6.0,2,3.0,5,B
467621,1,1,76,1,7,1.0,2,1.0,5,B
467623,1,1,77,1,7,0.0,1,2.0,5,B
467629,1,1,52,1,0,1.0,2,1.0,5,B
467635,0,0,35,1,0,9.0,2,1.0,5,B
467641,1,1,43,1,1,9.0,0,2.0,5,B
467643,1,0,43,1,0,14.0,2,1.0,2,B
467654,0,1,62,1,0,0.0,1,4.0,5,B
467657,1,0,21,0,5,0.0,2,4.0,2,B
467658,1,0,23,0,5,0.0,2,4.0,2,B
467659,1,1,65,1,3,0.0,0,2.0,5,B
467664,1,1,35,1,4,4.0,1,4.0,5,B
467666,1,1,48,1,4,4.0,1,3.0,5,B
467667,1,1,33,0,1,9.0,2,2.0,5,B
467669,1,1,82,0,7,1.0,1,2.0,5,B
467673,1,1,45,0,4,1.0,1,4.0,5,B
467678,1,0,56,0,8,1.0,2,2.0,5,B
467679,0,1,49,1,0,8.0,0,4.0,1,B
467683,1,1,30,1,5,8.0,1,3.0,1,B
467684,1,0,37,1,5,8.0,2,3.0,1,B
467685,1,1,51,0,8,0.0,1,6.0,3,B
467693,1,1,59,1,3,5.0,1,5.0,5,B
467694,1,1,56,1,4,0.0,1,2.0,5,B
467699,0,1,29,1,1,0.0,0,2.0,3,B
467705,1,1,31,1,0,7.0,2,2.0,5,B
467706,0,1,35,1,0,7.0,0,4.0,5,B
467707,1,1,89,1,7,7.0,1,2.0,5,B
467710,0,0,38,1,0,9.0,2,4.0,5,B
467715,1,1,45,1,4,4.0,1,3.0,5,B
467721,1,0,37,1,3,0.0,2,1.0,3,B
467723,1,1,74,0,4,1.0,2,7.0,5,B
467726,1,1,82,1,7,0.0,1,2.0,5,B
467727,1,1,53,1,0,7.0,1,4.0,2,B
467728,0,1,43,0,2,0.0,1,5.0,5,B
467729,1,1,62,1,3,2.0,0,6.0,5,B
467733,1,1,56,0,4,8.0,1,3.0,5,B
467734,1,1,88,1,7,3.0,1,2.0,5,B
467735,1,0,28,1,1,0.0,2,2.0,5,B
467737,0,1,51,1,3,5.0,0,2.0,5,B
467739,0,1,60,0,0,0.0,0,4.0,5,B
467740,1,0,19,0,5,0.0,2,3.0,5,B
467741,1,0,23,0,5,1.0,2,3.0,3,B
467749,1,0,20,0,5,0.0,2,9.0,6,B
467763,0,0,50,1,0,1.0,2,1.0,1,B
467767,0,0,21,0,8,4.0,2,4.0,5,B
467768,1,1,62,1,1,0.0,0,2.0,5,B
467769,0,0,36,1,1,1.0,2,1.0,2,B
467772,0,0,31,0,8,0.0,2,2.0,5,B
467779,1,1,52,1,1,4.0,0,3.0,5,B
467789,1,0,20,0,5,1.0,2,5.0,5,B
467798,0,0,23,0,5,1.0,2,2.0,5,B
467802,0,1,48,1,0,1.0,1,5.0,5,B
467803,0,1,40,1,3,6.0,0,2.0,5,B
467806,1,1,55,1,0,1.0,1,2.0,5,B
467808,0,1,62,1,0,1.0,0,2.0,5,B
467812,1,0,48,1,0,0.0,2,1.0,1,B
467813,1,1,36,1,3,1.0,2,2.0,3,B
467815,0,1,73,1,0,0.0,2,2.0,5,B
467825,0,0,23,0,8,0.0,2,8.0,5,B
467828,0,1,25,1,0,0.0,0,2.0,1,B
467838,1,1,60,1,0,0.0,0,2.0,5,B
467848,1,0,37,1,0,14.0,2,1.0,5,B
467849,0,1,39,1,1,0.0,2,1.0,1,B
467852,0,0,39,1,0,12.0,2,1.0,5,B
467856,1,1,58,1,0,0.0,2,2.0,5,B
467860,0,0,33,1,3,0.0,2,1.0,6,B
467861,0,0,29,0,0,1.0,2,4.0,3,B
467864,0,1,66,1,7,1.0,1,2.0,5,B
467865,0,0,40,1,0,2.0,2,1.0,3,B
467868,0,1,66,1,3,0.0,1,2.0,5,B
467876,0,1,50,1,0,9.0,1,2.0,5,B
467879,0,1,51,1,0,0.0,1,4.0,5,B
467880,0,1,50,1,0,0.0,0,2.0,5,B
467882,0,0,39,1,0,1.0,2,1.0,5,B
467883,0,1,46,1,0,0.0,0,2.0,5,B
467888,1,0,29,0,1,0.0,2,4.0,5,B
467891,0,0,29,1,1,0.0,2,5.0,5,B
467892,1,0,23,0,1,1.0,2,5.0,5,B
467894,1,1,57,1,0,1.0,0,2.0,5,B
467895,0,0,31,1,5,1.0,2,4.0,5,B
467898,0,1,69,1,0,1.0,2,1.0,5,B
467901,0,0,28,1,3,0.0,2,4.0,5,B
467904,0,0,31,1,0,14.0,2,1.0,5,B
467905,1,1,37,1,4,0.0,1,3.0,5,B
467911,1,1,58,1,5,0.0,2,4.0,5,B
467913,1,1,48,1,0,3.0,2,1.0,5,B
467915,0,0,18,0,1,1.0,2,4.0,5,B
467917,0,0,27,1,5,2.0,2,4.0,0,B
467927,1,0,30,1,1,8.0,2,6.0,1,B
467929,0,1,36,1,0,1.0,0,2.0,5,B
467930,1,1,45,1,3,4.0,0,2.0,5,B
467932,0,0,26,0,5,1.0,2,4.0,5,B
467933,0,0,23,0,5,0.0,2,3.0,5,B
467934,0,0,42,1,0,0.0,2,1.0,5,B
467938,1,1,46,1,3,5.0,2,1.0,1,B
467940,0,0,27,0,8,8.0,2,4.0,1,B
467946,0,1,42,1,0,0.0,2,2.0,5,B
467948,0,0,19,0,5,0.0,2,3.0,5,B
467949,1,0,21,0,5,1.0,2,4.0,3,B
467950,0,0,35,1,3,1.0,2,2.0,5,B
467954,1,0,29,0,5,9.0,2,4.0,5,B
467958,0,0,35,1,1,1.0,2,1.0,5,B
467960,0,0,53,1,3,1.0,2,2.0,5,B
467961,1,1,47,1,4,1.0,1,5.0,3,B
467968,0,0,43,1,5,9.0,2,3.0,6,B
